0.1969697,0.0,0.0,0.0,0.0,0.0,0.0,0.0,0.0,0.0,0.51428574,0.44444445,0.0,1.0,1.0,1.0,1.0,1.0,0.2835962,0.0,0.8888889,0.14457831,0.0,0.0,0.0,0.0,0.0,0.0,0.0,0.50111413,0.19642857,0.73,0.14285713,0.0,0.0,0.0,0.0,0.0,0.0,0.70755005,0.49285582,0.4198503,0.3765918,0.33420664,0.3896719,0.33728412,0.43704724,0.26903546,0.5017654,0.81101286,0.22687726,0.012785891,0.26880655,0.66361225,0.7073545,0.3480207,0.7606053,0.5758434,0.16905339,0.4951792,0.63983554,0.7503466,0.79474145,0.58097565,0.46135542,0.5965405,0.74789715,0.07309092,0.23365381,0.0
0.42424244,1.0,0.0,1.0,0.0,0.0,0.0,0.0,0.0,0.0,0.65,0.7777778,0.0,1.0,1.0,1.0,0.0,1.0,0.19149378,1.0,0.18181819,0.3614458,0.0,0.0,0.0,0.0,0.0,0.0,0.0,0.24036556,0.35714287,0.54,0.25510204,0.0,0.0,0.0,0.0,0.0,0.0,0.60569656,0.38739556,0.34371394,0.37335768,0.3092569,0.39517868,0.28579518,0.375695,0.20599265,0.44458252,0.6271238,0.21464345,0.08002462,0.20600843,0.27813536,0.53212065,0.18178293,0.90778846,0.7981982,0.05040222,0.3650194,0.7657582,0.3751339,0.3126878,0.30248868,0.41501766,0.78421897,0.40152085,0.43227595,0.062318154,0.0
0.72727275,1.0,0.0,1.0,0.0,0.0,0.0,0.0,0.0,0.0,0.65,0.7777778,0.0,1.0,1.0,1.0,1.0,1.0,0.35276216,0.1,0.8383838,0.12048193,0.0,0.0,0.0,0.0,0.0,0.0,0.0,0.33375776,0.28571427,0.75,0.08163265,0.0,0.0,0.0,0.0,0.0,0.0,0.49273512,0.37296304,0.50320673,0.5522065,0.4416735,0.6312291,0.4197274,0.61603427,0.3726134,0.57778186,0.33059764,0.41394913,0.09522837,0.37213543,0.31361106,0.34488982,0.2861635,0.57914436,0.4280423,0.13492523,0.38739473,0.42320624,0.28806052,0.2643868,0.1734545,0.48175326,0.42184755,0.29640663,0.37904853,0.33881965,1.0
0.6060606,1.0,0.6666667,1.0,1.0,0.0,0.0,0.0,0.0,0.0,0.55714285,0.54444444,0.0,1.0,1.0,1.0,0.0,0.0,0.18319319,0.0,0.0,0.036144577,0.0,0.0,0.1632653,0.31,0.55714285,0.0,0.0,0.22665708,0.035714284,0.0,0.010204081,0.0,0.0,0.48351645,0.43,0.1904762,0.0,0.2155634,0.36014006,0.484321,0.5446753,0.3563958,0.3812992,0.5042246,0.53629106,0.18680471,0.3775423,0.29148474,0.26784945,0.20605385,0.18708743,0.17784931,0.35053125,0.13373166,0.29447162,0.55551326,0.29608765,0.7162425,0.557644,0.2156417,0.16533025,0.1451619,0.84196293,0.5430099,0.23905179,0.55078036,0.6312055,0.0
0.3181818,1.0,0.0,0.0,0.0,0.0,0.0,0.0,0.0,0.0,0.19285715,0.46666667,0.0,1.0,1.0,0.0,0.0,1.0,0.056047566,0.0,0.0,0.0,0.0,0.0,0.0,0.41,0.7857143,0.22222221,0.0,0.48543411,0.07142857,0.42,0.010204081,0.0,0.0,0.08791208,0.34,0.1904762,0.0,0.93375164,0.5138474,0.210188,0.17909029,0.14220583,0.21076597,0.19840544,0.20800668,0.06490019,0.32035482,0.6057032,0.09640662,0.2463267,0.065045655,0.4684093,0.4909594,0.061561577,0.90386987,0.51743895,0.1012673,0.33095664,0.505491,0.43548402,0.40646166,0.49477747,0.31480044,0.5055939,0.44059741,0.3836615,0.06875988,1.0
0.56060606,1.0,0.0,1.0,0.0,0.0,0.0,0.0,0.0,0.0,0.057142857,0.044444446,1.0,0.0,0.0,1.0,0.0,1.0,0.7040773,0.36,0.36363637,0.20481928,0.07692308,0.0,0.08163265,0.07,0.1,0.111111104,0.0,1.0,0.26785716,0.38,0.061224487,0.017857142,0.0,0.17582417,0.16,0.1904762,0.0,0.45537233,0.3151463,0.7829625,0.9352481,0.6259691,0.7867283,0.82197654,0.8901951,0.78723717,0.94834644,0.19915625,0.7823601,0.052819777,0.78611684,0.79069585,0.7339926,1.0,0.7199626,0.590061,0.11364851,0.5805183,0.60312253,0.7429384,0.7010533,0.67098635,0.5224921,0.58853513,0.7376326,0.32453704,0.21101184,0.0
0.42424244,1.0,0.0,1.0,0.0,0.0,0.0,0.0,0.0,0.0,0.4,0.43333334,0.0,0.0,1.0,1.0,0.0,1.0,0.11663101,0.0,0.0,0.0,0.0,0.0,0.0,0.99,0.0,0.0,0.0,0.33183756,0.0,0.0,0.0,0.0,0.0,0.23076922,0.63,0.30952382,0.0,0.6571924,0.40031248,0.28815225,0.3078455,0.26167753,0.30449623,0.26698905,0.30157042,0.12623203,0.39018977,0.52968776,0.16463767,0.17191054,0.1264453,0.22105533,0.08477471,0.07012078,0.49425077,0.09409219,0.2472896,0.20823517,0.08213863,0.06475763,0.04528281,0.26865408,0.25900215,0.086027876,0.06540203,0.4582887,0.44985536,0.0
0.37878788,0.0,0.0,1.0,0.0,0.0,0.0,0.0,0.0,0.0,0.3857143,0.35555556,0.0,1.0,0.0,1.0,0.0,0.0,0.109068446,0.04,0.04040404,0.0,0.0,0.0,0.10204081,0.46,0.41428572,0.22222221,0.0,0.1461724,0.0,0.03,0.0,0.0,0.0,0.14285713,0.59,0.33333334,0.33333334,0.52489173,0.5529171,0.48836818,0.39928058,0.24799396,0.36302954,0.4314779,0.43227035,0.10955663,0.4311958,0.36496288,0.17261286,0.259781,0.10996329,0.60740525,0.57504684,0.117606565,0.82199556,0.54755324,0.084264465,0.4114816,0.52510166,0.55662,0.52272344,0.6062989,0.3636553,0.5336934,0.5559003,0.3412499,0.12415934,1.0
0.57575756,0.0,0.0,1.0,1.0,0.0,1.0,0.0,0.0,0.0,0.45714286,0.6111111,0.0,1.0,1.0,1.0,0.0,1.0,0.16595767,0.0,0.0,0.0,0.0,0.0,0.0,0.98,0.028571429,0.0,0.0,0.19182625,0.0,0.0,0.0,0.0,0.0,0.16483517,0.78,0.16666667,0.0,0.457501,0.2871985,0.27711013,0.37615585,0.21758945,0.37385762,0.34654763,0.3707913,0.15237516,0.37035763,0.65180856,0.17054023,0.109793276,0.1523337,0.77578825,0.68652344,0.18943423,0.71891373,0.5008454,0.12960938,0.48356992,0.52665675,0.7082978,0.67953044,0.5077352,0.4733017,0.50878865,0.7006503,0.31433263,0.21665233,1.0
0.6666667,1.0,0.0,1.0,0.0,0.0,0.0,0.0,1.0,0.0,0.8857143,0.75555557,0.0,1.0,0.0,1.0,1.0,1.0,0.14825779,0.48,0.01010101,0.10843374,0.0,0.0,0.25510204,0.02,0.42857146,0.0,0.0,0.15560918,0.23214285,0.07,0.051020406,0.0,0.0,0.15384614,0.1,0.9285714,0.23809525,0.0131985,0.075082004,0.29595664,0.67715025,0.5359588,0.59894395,0.37006974,0.5935645,0.14432314,0.3153763,0.49601737,0.1859925,0.16432515,0.1448835,0.7522367,0.69195735,0.18695952,0.34327123,0.5849787,0.15590808,0.8508744,0.60382855,0.7409413,0.74929094,0.6926415,0.8037109,0.5944785,0.7355001,0.24463731,0.60533595,0.0
0.75757575,1.0,0.0,1.0,1.0,0.0,0.0,0.0,0.0,0.0,0.42857143,0.45555556,0.0,0.0,0.0,1.0,1.0,1.0,0.013043767,0.0,0.0,0.0,0.0,0.0,0.0,0.71,0.41428572,0.0,0.0,0.050952405,0.0,0.0,0.0,0.0,0.0,0.054945055,0.68,0.4761905,0.0,0.19321032,0.26676887,0.06391409,0.12908211,0.12407598,0.11634987,0.02410357,0.12632595,0.011836328,0.041482564,0.84814864,0.021393962,0.43945697,0.011862051,0.47486082,0.35146996,0.010421162,0.79045933,0.28798288,0.1714625,0.26990098,0.2892318,0.30262205,0.22648908,0.617501,0.20889755,0.29296643,0.30205435,0.6188348,0.18983272,0.0
0.42424244,1.0,0.0,1.0,0.0,0.0,0.0,0.0,0.0,1.0,0.5857143,0.5555556,0.0,1.0,1.0,1.0,0.0,1.0,0.2554356,0.0,0.9292929,0.09638554,0.0,0.0,0.0,0.0,0.0,0.0,0.0,0.15542434,0.10714285,0.65,0.2142857,0.0,0.0,0.0,0.0,0.0,0.0,0.5535201,0.48022038,0.47803426,0.43797916,0.28493246,0.4829349,0.36453992,0.4618491,0.30463314,0.4907592,0.6403885,0.278916,0.034438904,0.30450925,0.47246265,0.70066935,0.34553447,0.8720348,0.9214769,0.035203684,0.49383068,0.88734543,0.6030171,0.5883417,0.46322525,0.49903426,0.9125906,0.62288344,0.328449,0.0969358,0.0
0.4848485,1.0,0.0,1.0,1.0,0.0,0.0,0.0,0.0,0.0,0.15714286,0.33333334,0.0,1.0,0.0,0.0,1.0,1.0,0.050189063,0.0,0.25252524,0.8072289,0.3846154,0.0,0.0,0.0,0.0,0.0,0.0,0.09833136,0.1607143,0.49,0.17346938,0.053571425,0.0,0.0,0.0,0.023809524,0.0,0.65198356,0.47918755,0.18166207,0.16654706,0.18544918,0.17411569,0.18770617,0.18186589,0.047687855,0.21344371,0.72948074,0.069617644,0.25105202,0.047947656,0.3579456,0.5674567,0.047090884,0.92742556,0.8461439,0.028687133,0.3662714,0.7901044,0.4381349,0.37910867,0.4082059,0.3812333,0.8263176,0.4610755,0.41610387,0.056946035,0.0
0.59090906,1.0,0.0,0.0,0.0,0.0,0.0,0.0,0.0,0.0,0.2857143,0.31111112,0.0,1.0,1.0,1.0,0.0,0.0,0.14064133,0.0,0.0,0.0,0.0,0.0,0.051020406,0.9,0.042857144,0.0,0.099999994,0.12499872,0.0,0.0,0.0,0.0,0.0,0.23076922,0.66,0.30952382,0.0,0.7441728,0.4562838,0.32566348,0.31152374,0.6714195,0.71548915,0.65039414,0.7889848,0.12423241,0.43459255,0.5850498,0.15559752,0.15602082,0.12453905,0.38331163,0.45852363,0.10717971,0.8167207,0.50131196,0.1448389,0.37698895,0.5235541,0.36534238,0.3168401,0.38929728,0.39894825,0.5058727,0.37647748,0.48036754,0.1443828,0.0
0.77272725,1.0,0.0,1.0,1.0,1.0,0.0,0.0,1.0,0.0,0.44285715,0.5555556,0.0,0.0,1.0,1.0,0.0,1.0,0.13267244,0.0,0.0,0.0,0.0,0.0,0.0,0.89,0.15714286,0.0,0.0,0.057924733,0.0,0.0,0.0,0.0,0.0,0.0,0.64,0.8333334,0.0,0.5124925,0.30423927,0.25794643,0.33998334,0.19929668,0.32870066,0.3354086,0.3330445,0.13595434,0.3595821,0.7225909,0.14925021,0.10543451,0.13586003,0.46139017,0.6358119,0.14476816,0.8554185,0.83290553,0.038772702,0.46059993,0.78366446,0.5399122,0.5008048,0.4942366,0.45328194,0.8103595,0.55643815,0.3626935,0.10265355,1.0
0.46969697,0.0,0.0,1.0,0.0,1.0,0.0,0.0,0.0,0.0,0.31428573,0.44444445,0.0,1.0,1.0,1.0,1.0,1.0,0.20612137,0.1,0.91919196,0.04819277,0.0,0.0,0.0,0.0,0.0,0.0,0.0,0.29611337,0.1607143,0.84,0.07142857,0.0,0.0,0.0,0.0,0.0,0.0,0.5357563,0.37733766,0.3348189,0.3712852,0.23000215,0.36594042,0.3698078,0.37053195,0.1911656,0.40586704,0.68867517,0.19457516,0.073542096,0.19080004,0.71111465,0.74764025,0.25228038,0.7998507,0.6945791,0.098166175,0.54560095,0.70538116,0.7649392,0.7733775,0.6720582,0.48488665,0.6973945,0.76428545,0.20843107,0.16759941,1.0
0.4848485,1.0,0.0,1.0,1.0,0.0,0.0,0.0,0.0,0.0,0.42142856,0.74444443,0.0,1.0,0.0,1.0,1.0,1.0,0.1035292,0.0,0.96969694,0.04819277,0.0,0.0,0.0,0.0,0.0,0.0,0.0,0.11721518,0.1607143,0.74,0.15306123,0.0,0.0,0.0,0.0,0.0,0.0,0.41010574,0.40233895,0.2820159,0.30039102,0.19929668,0.3154521,0.17849392,0.30167,0.10720786,0.2705398,0.6329283,0.13496557,0.16155076,0.1071497,0.22950387,0.39452767,0.08136564,0.897205,0.60515195,0.08204848,0.29091626,0.57733595,0.25897473,0.20045467,0.31765625,0.33092648,0.5882653,0.27913254,0.46976686,0.075804226,1.0
0.6969697,0.0,0.0,0.0,0.0,0.0,0.0,0.0,0.0,0.0,0.33571428,0.45555556,0.0,1.0,1.0,1.0,0.0,1.0,0.053120386,0.44,0.4040404,0.45783132,0.0,0.0,0.0,0.0,0.0,0.0,0.0,0.2441033,0.5535714,0.53,0.07142857,0.0,0.0,0.01098901,0.08,0.0,0.0,1.0,1.0,0.27559754,0.098838165,0.11746506,0.12755135,0.12269542,0.11626678,0.04992742,0.2146379,0.96130407,0.06040633,0.1748086,0.049987096,0.5499961,0.3450089,0.042640362,0.7901251,0.21556996,0.16662323,0.26031426,0.20307384,0.3604564,0.3194371,0.6454834,0.1893746,0.21020648,0.35250753,0.45906347,0.1684965,0.0
0.6666667,0.0,0.0,1.0,0.0,0.0,0.0,0.0,0.0,0.0,0.5857143,0.5555556,0.0,1.0,1.0,0.0,0.0,1.0,0.3536909,0.0,0.0,0.0,0.0,0.0,0.13265306,0.51,0.4714286,0.0,0.0,0.11284079,0.0,0.0,0.0,0.0,0.0,0.4175824,0.51,0.1904762,0.0,0.6306351,0.35224006,0.4372754,0.50139207,0.43214417,0.4565926,0.44411922,0.5523312,0.33494034,0.6128146,0.5759147,0.31267384,0.039183658,0.33445156,0.8436929,0.8350195,0.48187098,0.84121996,0.8088794,0.050961036,0.5328886,0.7860712,0.86150277,0.8470457,0.72471315,0.453833,0.8092286,0.8588609,0.24760361,0.14249234,0.0
0.56060606,0.0,0.0,1.0,1.0,0.0,0.0,0.0,0.0,0.0,0.15714286,0.3888889,0.0,1.0,1.0,1.0,0.0,1.0,0.010203659,0.0,0.0,1.0,0.46153846,0.0,0.0,0.0,0.042857144,0.111111104,0.0,0.0004312779,0.0,0.0,0.17346938,1.0,0.0,0.0,0.0,0.1904762,0.952381,0.85379535,0.95973927,0.11083794,0.011079688,0.015493322,0.03290383,0.040100526,0.020218566,0.006795908,0.0528616,0.8435467,0.0136761125,0.5323233,0.006809233,0.88788533,0.6260672,0.011211549,0.7956042,0.3728382,0.14498802,0.4515356,0.35744146,0.67374974,0.59317994,0.9716336,0.2850182,0.3584229,0.65829074,0.4748518,0.17288688,0.0
0.37878788,1.0,0.0,1.0,0.0,0.0,0.0,0.0,0.0,0.0,0.44285715,0.47777778,0.0,1.0,1.0,1.0,1.0,1.0,0.18474385,0.0,0.0,0.0,0.0,0.0,0.051020406,0.21,0.8142857,0.77777773,0.099999994,0.13075936,0.0,0.0,0.020408163,0.0,0.0,0.03296703,0.53,0.9047619,0.04761905,0.5973329,0.4140418,0.36968628,0.3809819,0.2555671,0.33629313,0.43557003,0.42322665,0.19410624,0.44921848,0.34140244,0.26211253,0.17899467,0.19395493,0.42319798,0.52738184,0.17589226,0.21957587,0.6290591,0.17359833,0.92163384,0.629965,0.40797555,0.32901675,0.50127935,0.9427677,0.6267263,0.42333183,0.5689792,0.7412103,0.0
0.74242425,1.0,0.0,1.0,0.0,0.0,0.0,0.0,0.0,0.0,0.30714285,0.34444445,0.0,0.0,1.0,1.0,0.0,1.0,0.015572914,0.0,0.0,0.0,0.0,0.0,0.0,1.0,0.0,0.0,0.0,0.05488525,0.0,0.0,0.0,0.0,0.0,0.0,0.87,0.30952382,0.0,0.47294813,0.41326734,0.13133946,0.14342198,0.057464376,0.0868016,0.11142463,0.11576237,0.0103517445,0.13325086,0.3978316,0.032353643,0.7429448,0.010588441,0.6110364,0.54613435,0.01246009,0.65672725,0.45489424,0.2713524,0.5301793,0.48379302,0.48232514,0.3869367,0.64207053,0.478397,0.44596568,0.48523274,0.6459427,0.32302436,0.0
0.27272728,1.0,0.0,1.0,0.0,0.0,0.0,0.0,1.0,1.0,0.9714286,1.0,0.0,1.0,0.0,1.0,0.0,1.0,0.16429508,0.0,0.94949496,0.060240965,0.0,0.0,0.0,0.0,0.0,0.0,0.0,0.43760332,0.14285713,0.76,0.13265306,0.0,0.0,0.0,0.0,0.0,0.0,0.50539804,0.3809173,0.34748435,0.38194665,0.24730857,0.35973388,0.37639973,0.41595197,0.18984586,0.40171137,0.6209397,0.20371008,0.091194555,0.18994264,0.4074218,0.5651693,0.19830161,0.7784195,0.70416874,0.08524504,0.41922802,0.7064677,0.5306887,0.5682993,0.33351016,0.4625411,0.71121407,0.5429708,0.17779006,0.19569455,0.0
0.77272725,1.0,0.0,1.0,0.0,0.0,0.0,0.0,1.0,1.0,0.37857142,0.3,0.0,1.0,0.0,1.0,1.0,1.0,0.08451498,0.0,0.03030303,0.024096385,0.0,0.0,0.010204081,0.93,0.0,0.0,0.0,0.09446013,0.0,0.0,0.0,0.0,0.0,0.054945055,0.82,0.023809524,0.0,0.22715592,0.14866914,0.34947392,0.6356212,0.28545335,0.221736,0.8884107,0.8847536,0.090481,0.45884326,0.4139412,0.14429678,0.27004996,0.09092574,0.24279858,0.2741512,0.060144283,0.6240118,0.30627796,0.21017256,0.30457047,0.3447669,0.16832213,0.10408832,0.15602168,0.39918864,0.32016152,0.17966595,0.58154225,0.3257693,0.0
0.121212125,1.0,0.0,1.0,0.0,0.0,0.0,0.0,0.0,0.0,0.85,0.6111111,0.0,1.0,1.0,1.0,1.0,1.0,0.14226247,0.0,0.86868685,0.1686747,0.0,0.0,0.0,0.0,0.0,0.0,0.0,0.09195461,0.0,0.7,0.28571427,0.0,0.0,0.0,0.0,0.0,0.0,0.6180325,0.3932909,0.3305476,0.35568288,0.24143322,0.3530742,0.32629576,0.34790584,0.18373711,0.42979532,0.6285431,0.19795063,0.09311466,0.18349968,0.4369664,0.56901854,0.16867805,0.7781548,0.66850454,0.10206552,0.4156165,0.6624589,0.41678828,0.2934023,0.3732506,0.44548646,0.65612376,0.43396577,0.5793807,0.19270304,1.0
0.34848484,0.0,0.0,1.0,0.0,0.0,0.0,0.0,0.0,0.0,0.21428572,0.37777779,0.0,1.0,1.0,1.0,1.0,1.0,0.13173541,0.0,0.94949496,0.072289154,0.0,0.0,0.0,0.0,0.0,0.0,0.0,0.21540278,0.125,0.65,0.26530612,0.017857142,0.0,0.0,0.0,0.0,0.0,0.7360063,0.5490917,0.29433528,0.23748335,0.23048049,0.24750836,0.23437656,0.25718415,0.107518755,0.33320147,0.6279317,0.13577636,0.16269296,0.107482664,0.50261605,0.33419308,0.087285414,0.7236865,0.2545354,0.17820741,0.28261432,0.23997921,0.33438477,0.29226142,0.52373195,0.25361055,0.24406695,0.3295596,0.46104267,0.23096348,0.0
0.5,1.0,0.0,1.0,1.0,1.0,0.0,1.0,0.0,0.0,0.41428572,0.26666668,0.0,1.0,1.0,1.0,1.0,1.0,0.12324411,0.02,0.22222222,0.50602406,0.3846154,0.0,0.030612243,0.02,0.17142858,0.5555555,0.0,0.07360476,0.0,0.62,0.31632653,0.0,0.0,0.0,0.0,0.0,0.0,0.45720777,0.19143589,0.21604735,0.3834985,0.2885655,0.26980403,0.3166974,0.35329944,0.11722159,0.37782323,0.46740147,0.16484213,0.20545642,0.11741349,0.54880434,0.61064714,0.12592976,0.81063545,0.6123344,0.107397944,0.46258324,0.62665004,0.5530122,0.50877017,0.45484465,0.4684839,0.6141965,0.5596529,0.38671654,0.13977703,0.0
0.7121212,1.0,0.0,1.0,0.0,0.0,0.0,0.0,0.0,0.0,0.4,0.46666667,0.0,1.0,1.0,1.0,1.0,1.0,0.17487603,0.0,0.0,0.0,0.0,0.0,0.010204081,0.88,0.14285715,0.0,0.0,0.16891718,0.0,0.0,0.0,0.0,0.0,0.34065932,0.47,0.4047619,0.0,0.77890515,0.6324615,0.39026746,0.27898866,0.2656274,0.30345798,0.2839967,0.2991742,0.16790538,0.40618512,0.6696366,0.18015493,0.093311265,0.16782512,0.41239852,0.508956,0.16317184,0.8161108,0.60885644,0.076422736,0.3539143,0.59749126,0.47161046,0.48259073,0.36587352,0.382114,0.60982317,0.47998536,0.23875144,0.1423734,0.0
0.36363637,1.0,0.0,1.0,0.0,0.0,0.0,0.0,0.0,0.0,0.2642857,0.32222223,0.0,1.0,1.0,1.0,1.0,1.0,0.20388246,0.04,0.0,0.024096385,0.07692308,0.0,0.19387755,0.3,0.45714286,0.6666666,0.0,0.45991683,0.0,0.0,0.0,0.0,0.0,0.28571427,0.47,0.52380955,0.14285715,0.7936152,0.6812176,0.5084672,0.34582886,0.30886227,0.41260284,0.4762985,0.4700425,0.18008392,0.50447905,0.33940423,0.24939217,0.1910255,0.18001182,0.6105029,0.73606575,0.21865547,0.5168378,0.74830174,0.09593046,0.77398705,0.7569364,0.67213255,0.62830895,0.43929762,0.8058504,0.73827755,0.68093127,0.34959993,0.3690348,0.0
0.5,1.0,0.0,1.0,0.0,1.0,0.0,0.0,0.0,0.0,0.65,0.6,0.0,0.0,1.0,1.0,1.0,1.0,0.17053501,0.06,0.93939394,0.04819277,0.0,0.0,0.0,0.0,0.0,0.0,0.0,0.1875032,0.25,0.82,0.051020406,0.0,0.0,0.0,0.0,0.0,0.0,0.3010432,0.24251296,0.3113566,0.46040875,0.1985131,0.3549334,0.4316329,0.42471763,0.19675653,0.36263877,0.7458585,0.19055,0.057362553,0.19650215,0.10325195,0.15152732,0.11550282,0.74211264,0.28424042,0.15370561,0.170047,0.28009146,0.09320102,0.1059542,0.13464199,0.26278314,0.27853477,0.103768975,0.2824432,0.21501197,0.0
0.27272728,1.0,0.0,1.0,0.0,0.0,0.0,0.0,0.0,0.0,0.40714285,0.5777778,1.0,1.0,1.0,1.0,1.0,1.0,0.23780619,0.0,0.0,0.0,0.0,0.0,0.0,0.94,0.071428575,0.0,0.0,0.17683421,0.0,0.0,0.0,0.0,0.0,0.26373625,0.54,0.3809524,0.0,0.6704244,0.50176466,0.43257108,0.3824479,0.26671785,0.31342512,0.38764402,0.3934649,0.27521616,0.48965803,0.77943707,0.23547347,0.01642929,0.2750414,0.15629974,0.0,0.1372192,0.51665044,0.0,0.32482612,0.10835726,0.0,0.0,0.0,0.19075878,0.17833096,0.0,0.0,0.35589623,0.47659692,0.0
0.3181818,1.0,0.0,1.0,0.0,0.0,0.0,0.0,1.0,1.0,0.35,0.54444444,0.0,1.0,1.0,1.0,1.0,1.0,0.027621606,0.22,0.0,0.024096385,0.07692308,0.0,0.0,0.05,1.0,0.5555555,0.0,0.0064486316,0.0,0.0,0.0,0.0,0.0,0.07692307,0.62,0.5952381,0.14285715,0.36281028,0.30279008,0.18812828,0.25929463,0.27608424,0.21876723,0.09719593,0.27394506,0.027131468,0.21067567,0.547003,0.05408616,0.4307786,0.027395094,0.6542671,0.55667186,0.030453261,0.88429207,0.44172037,0.13719809,0.38364494,0.44174847,0.53732306,0.47284764,0.7116219,0.29897067,0.4300197,0.53363997,0.47410056,0.09136318,0.0
0.45454547,0.0,0.0,1.0,0.0,0.0,0.0,0.0,0.0,0.0,0.2642857,0.42222223,0.0,1.0,1.0,1.0,1.0,1.0,0.016961873,0.0,0.4949495,0.61445785,0.0,0.0,0.0,0.0,0.0,0.0,0.0,0.014191098,0.035714284,0.76,0.10204081,0.0,0.0,0.0,0.0,0.0,0.0,0.31723398,0.41519842,0.08274281,0.09426635,0.109089136,0.090976164,0.036813103,0.117272764,0.010525277,0.044260297,0.800174,0.020505162,0.48139215,0.010555144,0.9570931,0.9115715,0.019421702,0.8732643,0.6831825,0.15550236,0.62368023,0.7230998,0.8525103,0.71976155,1.0,0.4592365,0.68740207,0.84931684,0.6106312,0.12634772,1.0
0.33333334,1.0,0.0,1.0,0.0,0.0,0.0,0.0,0.0,0.0,0.27142859,0.4888889,0.0,1.0,1.0,1.0,1.0,1.0,0.15396702,0.0,0.8888889,0.13253012,0.0,0.0,0.0,0.0,0.0,0.0,0.0,0.11131078,0.08928572,0.72,0.18367347,0.0,0.0,0.0,0.0,0.0,0.0,0.8154401,0.71353567,0.40646687,0.2580267,0.2424766,0.29346573,0.33943138,0.333696,0.15406214,0.3923961,0.58321464,0.18126208,0.12768829,0.15415671,0.45055303,0.5832795,0.15890065,0.81727755,0.7676405,0.034999788,0.39855444,0.73244333,0.5156756,0.5057929,0.3573335,0.43257266,0.76731527,0.5291697,0.3057708,0.1408183,1.0
0.8030303,1.0,0.0,1.0,0.0,1.0,0.0,0.0,0.0,0.0,0.3857143,0.2,0.0,0.0,1.0,1.0,1.0,1.0,0.18759225,0.0,0.0,0.060240965,0.0,0.0,0.2142857,0.42,0.31428573,0.0,0.0,0.15635878,0.0,0.0,0.0,0.0,0.0,0.46153843,0.56,0.04761905,0.0,0.74989665,0.7482468,0.54452413,0.3405806,0.343919,0.36193347,0.50278616,0.6245843,0.21700096,0.47594416,0.25509387,0.30779245,0.1992081,0.21711299,0.0,0.17107868,0.1184947,0.70840913,0.431312,0.11300329,0.23592025,0.41546693,0.03270078,0.011367618,0.009680423,0.37456885,0.42100224,0.055899862,0.42169183,0.21589191,0.0
0.530303,1.0,0.0,1.0,0.0,0.0,0.0,0.0,0.0,0.0,0.5857143,0.11111111,0.0,1.0,1.0,1.0,1.0,1.0,0.10898552,0.0,0.0,0.0,0.0,0.0,0.1632653,0.38,0.51428574,0.0,0.0,0.1703445,0.0,0.0,0.0,0.0,0.0,0.28571427,0.64,0.1904762,0.0,0.43859032,0.54736525,0.39191422,0.32092962,0.28493246,0.24281402,0.39467075,0.4414051,0.10579144,0.30419415,0.29354256,0.18065579,0.3016633,0.10623403,0.4359933,0.54716456,0.10371335,0.5332083,0.65307254,0.12229843,0.65194225,0.64415467,0.46399605,0.41917214,0.41443828,0.683913,0.6392841,0.4768528,0.42261147,0.3733686,1.0
0.59090906,0.0,0.0,1.0,0.0,0.0,0.0,0.0,0.0,0.0,0.64285713,0.5,0.0,1.0,1.0,1.0,1.0,1.0,0.16259515,0.0,0.0,0.0,0.0,0.0,0.0,0.94,0.071428575,0.0,0.0,0.20375828,0.0,0.0,0.0,0.0,0.0,0.12087911,0.7,0.3809524,0.0,0.25910527,0.36735255,0.38168228,0.42843014,0.22128434,0.39748445,0.2722678,0.42188933,0.1921647,0.3103373,0.63629824,0.20305727,0.08580136,0.19209863,0.43489212,0.37834522,0.1647665,0.69428277,0.3157391,0.17077567,0.32853132,0.3310007,0.37944576,0.37767208,0.39151013,0.34651914,0.3146152,0.37813193,0.24961273,0.2570405,0.0
0.42424244,1.0,0.0,1.0,0.0,0.0,0.0,0.0,0.0,0.0,0.39285713,0.6111111,0.0,1.0,1.0,1.0,1.0,1.0,0.061375357,0.0,0.0,0.0,0.0,0.0,0.0,0.98,0.028571429,0.0,0.0,0.04382605,0.0,0.0,0.0,0.0,0.0,0.04395604,0.83,0.30952382,0.0,0.61773056,0.4241658,0.20541814,0.21227224,0.16984831,0.23497745,0.18121621,0.21000676,0.07069177,0.25761276,0.7776716,0.08952396,0.17669003,0.070706144,0.5934094,0.77315766,0.09123373,0.8383175,1.0,0.009263207,0.5032828,0.9352321,0.6995581,0.6614302,0.4997196,0.49699405,0.9870959,0.7155229,0.33076176,0.13290666,1.0
0.07575758,1.0,0.0,1.0,0.0,0.0,0.0,0.0,0.0,0.0,0.5,0.7777778,0.0,1.0,1.0,1.0,1.0,1.0,0.13253146,0.0,0.0,0.0,0.0,0.0,0.0,0.93,0.1,0.0,0.0,0.164512,0.0,0.0,0.0,0.0,0.0,0.01098901,0.65,0.6666667,0.0,0.1956301,0.29433444,0.35037258,0.45726076,0.21696995,0.32948524,0.30828336,0.4377375,0.16126424,0.29608354,0.59537256,0.18537071,0.11827694,0.16124897,0.30055496,0.56231225,0.15266804,0.91138566,0.83413446,0.04309516,0.3856957,0.7996503,0.43221557,0.41046643,0.31807145,0.43189815,0.8202496,0.457156,0.3507376,0.058949675,1.0
0.07575758,1.0,0.0,1.0,0.0,0.0,0.0,0.0,0.0,0.0,0.53571427,0.84444445,0.0,1.0,1.0,1.0,1.0,1.0,0.09923379,0.0,0.9292929,0.09638554,0.0,0.0,0.0,0.0,0.0,0.0,0.0,0.04398008,0.0,0.77,0.2244898,0.0,0.0,0.0,0.0,0.0,0.0,0.5277314,0.42026752,0.2781449,0.28607818,0.20007846,0.29463494,0.26129958,0.28421128,0.117104046,0.3072312,0.8091118,0.12609346,0.10241214,0.11706387,0.25985178,0.41936237,0.09178044,0.8709851,0.61054593,0.102095604,0.3244414,0.58891046,0.28386942,0.20770495,0.32727268,0.36349607,0.5887306,0.30386943,0.5080775,0.10271065,0.0
0.6060606,1.0,0.0,1.0,0.0,0.0,0.0,0.0,0.0,0.0,0.51428574,0.5888889,0.0,1.0,1.0,1.0,1.0,1.0,0.09315969,0.0,0.0,0.0,0.0,0.0,0.0,0.89,0.15714286,0.0,0.0,0.051866304,0.0,0.0,0.0,0.0,0.0,0.12087911,0.75,0.33333334,0.0,0.83997256,0.48977947,0.23142813,0.20770517,0.19337529,0.25602257,0.22155632,0.23214574,0.084150046,0.33066478,0.7173662,0.106325656,0.16986293,0.08412483,0.43552533,0.6179807,0.0861228,0.87915444,0.7948644,0.04956283,0.41719717,0.7529432,0.4945346,0.42179266,0.4445795,0.4234768,0.7717964,0.51220477,0.43337134,0.08194718,0.0
0.77272725,0.0,0.0,1.0,0.0,0.0,0.0,0.0,0.0,0.0,0.6142857,0.6111111,0.0,0.0,0.0,0.0,1.0,1.0,0.08120222,0.0,0.0,0.0,0.0,0.0,0.12244897,0.39,0.5714286,0.0,0.0,0.1317554,0.0,0.0,0.0,0.0,0.0,0.34065932,0.55,0.2857143,0.0,0.80230755,0.62033254,0.2629924,0.18467166,0.19297679,0.30231297,0.29145536,0.3047459,0.06720201,0.2854368,0.6121419,0.09832287,0.23833486,0.067351475,0.5256002,0.7559761,0.07980038,0.35376596,0.9643719,0.06524465,1.0,0.92789114,0.6115748,0.52328086,0.5806506,1.0,0.95086133,0.6343637,0.46388236,0.5485124,0.0
0.7878788,0.0,0.0,1.0,0.0,1.0,0.0,0.0,0.0,0.0,0.39285713,0.43333334,0.0,1.0,1.0,1.0,1.0,1.0,0.21052457,0.0,0.01010101,0.0,0.0,0.0,0.2142857,0.46,0.4,0.0,0.0,0.21371874,0.0,0.0,0.0,0.0,0.0,0.16483517,0.71,0.33333334,0.0,0.370234,0.42218837,0.5116452,0.5155134,0.40832576,0.39139912,0.543228,0.5896722,0.18000567,0.45706967,0.4046047,0.23479511,0.16549377,0.18021993,0.5678284,0.6307256,0.19824953,0.77373695,0.6681198,0.07857063,0.45433143,0.65483636,0.5830251,0.53850347,0.38808715,0.48185825,0.66018075,0.5890155,0.33886382,0.16671842,0.0
0.34848484,1.0,0.0,1.0,0.0,0.0,0.0,0.0,0.0,0.0,0.60714287,0.67777777,0.0,1.0,1.0,1.0,1.0,1.0,0.17794003,0.0,0.91919196,0.10843374,0.0,0.0,0.0,0.0,0.0,0.0,0.0,0.26720747,0.10714285,0.76,0.12244897,0.0,0.0,0.0,0.0,0.0,0.0,0.47450772,0.42661378,0.376781,0.37933052,0.25241992,0.38541555,0.33361965,0.41419855,0.20301202,0.38260642,0.7723116,0.19121344,0.04839112,0.20292014,0.45292413,0.590583,0.20811555,0.82361954,0.7923637,0.027371753,0.4176318,0.7552883,0.5130859,0.4911206,0.41484627,0.433818,0.7936673,0.52807325,0.33240873,0.13607912,0.0
0.16666667,1.0,0.0,1.0,0.0,0.0,0.0,0.0,1.0,0.0,0.5714286,0.5777778,0.0,1.0,1.0,1.0,1.0,1.0,0.052519195,0.0,0.91919196,0.10843374,0.0,0.0,0.0,0.0,0.0,0.0,0.0,0.06532834,0.0,0.74,0.26530612,0.0,0.0,0.0,0.0,0.0,0.0,0.5307345,0.67827404,0.2711123,0.17199823,0.12407598,0.21876723,0.12375809,0.20409966,0.057487357,0.18169433,0.8368599,0.073557414,0.18895705,0.057528865,0.6389506,0.72866285,0.07359586,0.7903592,0.79164815,0.059666954,0.564091,0.7699727,0.69227123,0.66917217,0.6391163,0.51555496,0.78380203,0.6989082,0.31777304,0.15893263,0.0
0.6515151,0.0,0.0,0.0,0.0,0.0,0.0,0.0,0.0,0.0,0.49285713,0.6,0.0,1.0,1.0,1.0,1.0,1.0,0.3020424,0.96,0.43434343,0.04819277,0.0,0.0,0.0,0.0,0.0,0.0,0.0,0.38553166,0.94642854,0.4,0.051020406,0.0,0.0,0.0,0.0,0.0,0.0,0.5076146,0.39875516,0.54060036,0.5659563,0.42622453,0.5580185,0.3578728,0.6967734,0.33688188,0.6031768,0.3145717,0.39227822,0.11330918,0.3370487,0.7046633,0.7613173,0.47341248,0.5504038,0.6236781,0.20131594,0.6129855,0.72019887,0.8346011,0.91632897,0.42851827,0.637677,0.66035056,0.8325025,0.0,0.49852294,0.0
0.4090909,1.0,0.0,1.0,0.0,0.0,0.0,0.0,0.0,0.0,0.37142858,0.5555556,0.0,1.0,1.0,1.0,1.0,1.0,0.074738376,0.0,0.9292929,0.09638554,0.0,0.0,0.0,0.0,0.0,0.0,0.0,0.058838632,0.0,0.79,0.2142857,0.0,0.0,0.0,0.0,0.0,0.0,0.6428978,0.29640034,0.17801517,0.25138068,0.1608661,0.24269287,0.37743253,0.3575734,0.077781886,0.3145278,0.7769582,0.096032634,0.16358234,0.07778175,0.16871704,0.449532,0.06408385,0.83997756,0.828718,0.021935035,0.34803158,0.76189965,0.30634293,0.2791062,0.25053924,0.41415316,0.80578107,0.33582726,0.35273707,0.12088612,0.0
0.36363637,1.0,0.0,1.0,0.0,0.0,0.0,0.0,0.0,0.0,0.8,0.6111111,0.0,1.0,1.0,1.0,1.0,1.0,0.1488424,0.0,0.9292929,0.09638554,0.0,0.0,0.0,0.0,0.0,0.0,0.0,0.044719413,0.0,0.85,0.15306123,0.0,0.0,0.0,0.0,0.0,0.0,0.45402968,0.36953428,0.30982268,0.35044226,0.18977164,0.35927436,0.36241657,0.34208792,0.15646167,0.34194207,0.709502,0.16643976,0.09175681,0.15668729,0.37113738,0.4942934,0.1314576,0.7961323,0.57835203,0.121085644,0.35993254,0.5749025,0.34267431,0.24330072,0.34674844,0.39488766,0.5631662,0.3588704,0.5808993,0.17054743,1.0
0.3030303,0.0,0.0,1.0,0.0,0.0,0.0,0.0,0.0,0.0,0.45714286,0.6,0.0,1.0,1.0,1.0,1.0,1.0,0.05088147,0.06,0.22222222,0.55421686,0.23076923,0.0,0.010204081,0.0,0.14285715,0.22222221,0.0,0.039400317,0.25,0.36,0.23469387,0.053571425,0.0,0.01098901,0.0,0.04761905,0.14285715,0.5667497,0.25056836,0.14532608,0.2403975,0.17198275,0.21288306,0.2480284,0.22943355,0.038803305,0.2716553,0.43389583,0.07799279,0.42047963,0.039007418,0.43465233,0.4224805,0.034230802,0.22014304,0.45400968,0.5085336,0.80015063,0.45423725,0.3584385,0.2923258,0.56597257,0.7916793,0.44449764,0.3661274,0.66922694,0.72954893,0.0
0.22727273,0.0,0.0,0.0,0.0,0.0,0.0,0.0,0.0,0.0,0.22142857,0.41111112,0.0,1.0,1.0,1.0,1.0,1.0,0.03246845,0.0,0.0,0.0,0.0,0.0,0.7346939,0.24,0.0,0.0,0.0,0.08929507,0.0,0.0,0.0,0.0,0.0,1.0,0.09,0.0,0.0,0.73411757,0.7611413,0.18758865,0.091252275,0.07357213,0.10382128,0.08237749,0.097108856,0.02871238,0.13989514,1.0,0.038141795,0.243037,0.028718648,0.36513147,0.35109916,0.023504063,0.85346115,0.4410644,0.08055488,0.24726841,0.39649752,0.29940352,0.25607252,0.4293885,0.24724545,0.41819793,0.30449042,0.3855477,0.10439511,0.0
0.74242425,0.0,0.0,0.0,0.0,0.0,0.0,0.0,0.0,0.0,0.27857143,0.21111111,0.0,1.0,1.0,1.0,1.0,1.0,0.21193841,0.02,0.3838384,0.55421686,0.0,1.0,0.0,0.0,0.0,0.0,0.0,0.17130975,0.053571425,0.6,0.3265306,0.0,0.71428573,0.0,0.0,0.0,0.0,0.55735594,0.44606432,0.42717433,0.41460782,0.27384272,0.55664897,0.43672267,0.58305734,0.192951,0.4663935,0.4849979,0.22975425,0.12834397,0.1929144,0.92704195,0.878706,0.29475254,0.7276634,0.7644879,0.07315142,0.6110254,0.74766344,0.9208303,0.899776,0.6989652,0.5457419,0.75583106,0.9135064,0.23964341,0.21678005,0.0
0.7121212,1.0,0.0,1.0,0.0,0.0,1.0,1.0,0.0,0.0,0.22857143,0.23333333,0.0,1.0,1.0,1.0,1.0,1.0,0.06907889,0.0,0.0,0.0,0.0,0.0,0.0,0.98,0.028571429,0.0,0.0,0.071037635,0.0,0.0,0.0,0.0,0.0,0.0,0.99,0.023809524,0.0,0.76270705,0.48915043,0.23038769,0.20702776,0.1626253,0.21590322,0.21031593,0.20536466,0.08467098,0.30245093,0.86885214,0.09560232,0.12825869,0.08467423,0.65381306,0.6978279,0.10975142,0.80364317,0.6936211,0.08523531,0.46681666,0.7018375,0.725701,0.76698333,0.6059773,0.4227929,0.7084976,0.7261485,0.15716402,0.186611,1.0
0.25757575,1.0,0.0,1.0,0.0,1.0,0.0,0.0,1.0,0.0,0.17142858,0.33333334,0.0,1.0,1.0,1.0,1.0,1.0,0.086364165,0.0,0.94949496,0.072289154,0.0,0.0,0.0,0.0,0.0,0.0,0.0,0.17092982,0.035714284,0.91,0.07142857,0.0,0.0,0.0,0.0,0.0,0.0,0.782266,0.48188084,0.24590515,0.224333,0.21758945,0.21010163,0.24239337,0.23179308,0.093826786,0.33297983,0.758707,0.11149282,0.14328283,0.09384755,0.49006063,0.62882954,0.101920746,0.83516544,0.81572104,0.02899244,0.44852012,0.77860725,0.5516125,0.4982508,0.48496228,0.44347626,0.8162663,0.5659888,0.36518666,0.1300049,0.0
0.3939394,1.0,0.0,1.0,0.0,0.0,0.0,0.0,0.0,0.0,0.3857143,0.43333334,0.0,1.0,1.0,1.0,1.0,1.0,0.16794367,0.0,0.0,0.0,0.0,0.0,0.0,0.97,0.042857144,0.0,0.0,0.12845922,0.0,0.0,0.0,0.0,0.0,0.01098901,0.91,0.1904762,0.0,0.35878995,0.4710132,0.4088588,0.38042304,0.31122494,0.40602064,0.25495198,0.38385275,0.17060225,0.32270846,0.5957732,0.1927607,0.11105532,0.17055547,0.86335474,1.0,0.27866754,0.76160383,0.99758196,0.05821452,0.6892549,1.0,0.9783387,0.9564771,0.5057067,0.6933978,1.0,0.98393023,0.27634907,0.18302462,1.0
0.75757575,0.0,0.0,1.0,0.0,0.0,0.0,0.0,0.0,0.0,0.15714286,0.14444445,0.0,1.0,1.0,1.0,1.0,1.0,0.17364463,0.0,0.0,0.0,0.0,0.0,0.0,0.98,0.028571429,0.0,0.0,0.15709811,0.0,0.0,0.0,0.0,0.0,0.01098901,0.94,0.11904763,0.0,0.6600563,0.6098945,0.39863482,0.29565507,0.2621183,0.31342512,0.30376077,0.30868453,0.15478513,0.3763473,0.54219264,0.18795931,0.13953231,0.15491422,1.0,0.9080048,0.24969286,0.8023198,0.6445984,0.1293386,0.6254776,0.67820853,0.9797484,0.96979904,0.8646287,0.5061249,0.648493,0.9668377,0.21367128,0.16772602,0.0
0.6212121,0.0,0.0,1.0,0.0,1.0,0.0,0.0,0.0,0.0,0.62142855,0.56666666,0.0,1.0,1.0,1.0,1.0,1.0,0.14238685,0.44,0.26262626,0.14457831,0.30769232,0.16666667,0.010204081,0.04,0.1,0.44444442,0.39999998,0.30377367,0.58928573,0.6,0.051020406,0.0,0.0,0.02197802,0.0,0.0,0.0,0.15470727,0.101794854,0.3896669,0.7872928,0.5087748,0.59771365,0.4197274,0.64402664,0.12054964,0.51306957,0.25369707,0.20589305,0.299347,0.12104286,0.3687538,0.49582317,0.1054269,0.56769764,0.55059624,0.14863996,0.5749626,0.57867515,0.3703897,0.3073699,0.36276558,0.6189581,0.55287224,0.38562396,0.51949453,0.34324214,0.0
0.7878788,0.0,0.0,0.0,0.0,1.0,0.0,0.0,0.0,0.0,0.25714287,0.3888889,0.0,1.0,1.0,1.0,1.0,1.0,0.10317263,0.0,0.0,0.0,0.0,0.0,0.13265306,0.35,0.55714285,0.0,0.0,0.0813883,0.0,0.0,0.0,0.0,0.0,0.24175823,0.45,0.7380953,0.0,0.28645808,0.19987196,0.25498438,0.42958322,0.18408664,0.30116487,0.5286476,0.5448441,0.08205271,0.32709065,0.1712891,0.1728897,0.43007383,0.08245166,0.83635825,0.61089987,0.0948719,0.7506579,0.34405947,0.20194261,0.45980147,0.36232594,0.62632513,0.5415342,0.86585855,0.3289752,0.34232485,0.6142534,0.5795465,0.21903148,1.0
0.34848484,0.0,0.6666667,1.0,1.0,1.0,0.0,0.0,0.0,0.0,0.37857142,0.25555557,0.0,1.0,1.0,1.0,1.0,1.0,0.27590096,0.02,0.0,0.036144577,0.0,0.0,0.26530612,0.25,0.51428574,0.111111104,0.0,0.11666068,0.0,0.0,0.17346938,0.0,0.0,0.23076922,0.51,0.23809525,0.0,0.13943301,0.26438645,0.4454231,0.6055515,0.5539598,0.4616979,0.5940551,0.76428384,0.24104781,0.36841717,0.34150323,0.3041552,0.14798643,0.24092034,0.49171183,0.63526464,0.25773686,0.7598179,0.69486105,0.12632048,0.56191415,0.7243498,0.5533517,0.512768,0.42219415,0.5852956,0.6992211,0.56714046,0.41184023,0.18661651,0.0
0.6060606,1.0,0.33333334,1.0,1.0,0.0,0.0,0.0,1.0,0.0,0.32857144,0.17777778,0.0,1.0,0.0,1.0,1.0,1.0,0.10604591,0.22,0.28282827,0.7108434,0.0,0.0,0.0,0.0,0.014285714,0.0,0.0,0.0131231705,0.4107143,0.4,0.37755102,0.0,0.0,0.0,0.0,0.0,0.0,0.74484926,0.6331934,0.51909584,0.37820622,0.38019976,0.76819456,0.7406138,0.747541,0.13650657,0.5234433,0.44251537,0.1873751,0.19181645,0.13708368,0.4386394,0.5972458,0.14529711,0.8123849,0.79507273,0.046220083,0.42087516,0.7717962,0.53664285,0.5455512,0.34022003,0.46206927,0.7998536,0.5518852,0.25903386,0.16018327,0.0
0.56060606,0.0,0.0,1.0,1.0,0.0,0.0,0.0,0.0,0.0,0.40714285,0.5,0.0,1.0,1.0,1.0,1.0,1.0,0.15526478,0.0,0.0,0.0,0.0,0.0,0.040816326,0.57,0.41428572,0.5555555,0.0,0.34385172,0.0,0.0,0.0,0.0,0.0,0.27472526,0.58,0.2857143,0.0952381,0.5299949,0.47474417,0.33517393,0.30998358,0.28794488,0.34404728,0.22155632,0.32259396,0.12511328,0.33477035,0.6029536,0.1541567,0.14948635,0.12506348,0.36672094,0.32591462,0.09860887,0.83415765,0.39430937,0.08870171,0.23308043,0.3591674,0.30639157,0.29813218,0.4143858,0.23709388,0.3819612,0.30881703,0.30610424,0.12626608,1.0
0.27272728,1.0,0.0,1.0,0.0,1.0,0.0,0.0,0.0,0.0,0.45,0.56666666,0.0,1.0,1.0,1.0,1.0,1.0,0.16954409,0.0,0.82828283,0.14457831,0.0,0.0,0.0,0.01,0.057142857,0.0,0.0,0.15450019,0.08928572,0.75,0.051020406,0.017857142,0.0,0.0,0.12,0.0,0.0,0.24965456,0.30075216,0.4081788,0.5191558,0.68696344,0.2844269,0.24895911,0.7294551,0.19357175,0.3800395,0.74115205,0.18900539,0.06016555,0.1933639,0.25182024,0.33225644,0.1427753,0.6719207,0.42425027,0.17290169,0.37962973,0.44736463,0.24995886,0.21821342,0.23344009,0.45354205,0.42756242,0.26302174,0.44526726,0.26502734,1.0
0.37878788,1.0,0.0,1.0,0.0,1.0,0.0,0.0,0.0,0.0,0.4,0.6666667,0.0,1.0,1.0,1.0,1.0,1.0,0.07975521,0.0,0.0,0.036144577,0.07692308,0.0,0.010204081,0.19,0.8571429,0.6666666,0.0,0.10349643,0.0,0.0,0.0,0.0,0.0,0.15384614,0.62,0.33333334,0.04761905,0.56602347,0.29811636,0.23396976,0.31634092,0.20945041,0.25986183,0.30376077,0.36706144,0.08309217,0.35851294,0.28720152,0.1538491,0.3512228,0.08341727,0.2747731,0.44437784,0.06781312,0.9000378,0.6275453,0.08234615,0.32135776,0.6175616,0.30657518,0.24510436,0.31585327,0.36400008,0.6223832,0.32682946,0.46634012,0.07297179,0.0
0.46969697,1.0,0.0,1.0,0.0,0.0,0.0,0.0,1.0,0.0,0.7714286,0.53333336,0.0,1.0,1.0,1.0,1.0,1.0,0.03697116,0.0,0.0,0.0,0.07692308,0.0,0.0,0.99,0.0,0.0,0.0,0.07708579,0.0,0.0,0.0,0.0,0.0,0.0,0.94,0.14285715,0.0,0.857736,0.9463596,0.27255628,0.10714906,0.08661366,0.10421105,0.42036054,0.5017925,0.036137037,0.1919728,0.9594693,0.04717103,0.22096168,0.036343656,0.7092388,0.67447233,0.047837846,0.79349756,0.5739183,0.12744346,0.47966498,0.59009165,0.7040855,0.71066463,0.6186444,0.4322913,0.5756949,0.69988143,0.19547264,0.17600283,1.0
0.8333333,1.0,0.0,1.0,0.0,0.0,0.0,0.0,0.0,0.0,0.22857143,0.22222222,0.0,0.0,0.0,0.0,1.0,1.0,0.11057764,0.0,0.0,0.0,0.0,0.0,0.030612243,0.68,0.4,0.0,0.0,0.073122144,0.0,0.0,0.0,0.0,0.0,0.2967033,0.36,0.61904764,0.0,0.69315356,0.5379229,0.3515678,0.29136428,0.21696995,0.31867594,0.3354086,0.32525167,0.09645759,0.38550514,0.56453836,0.1323267,0.19940425,0.09666947,0.660702,0.6179343,0.10024448,0.23037182,0.3761773,0.46502522,0.9037436,0.49822238,0.5216755,0.40921378,0.6690165,0.8679592,0.40239096,0.52634007,0.83854383,0.8192287,0.0
0.72727275,0.0,0.0,0.0,0.0,0.0,0.0,0.0,0.0,0.0,0.15,0.2777778,0.0,1.0,1.0,1.0,1.0,1.0,0.32920378,0.34,0.64646465,0.1807229,0.0,0.0,0.0,0.0,0.0,0.0,0.0,0.46163166,0.71428573,0.46,0.13265306,0.0,0.0,0.01098901,0.0,0.0,0.0,0.58081543,0.37765497,0.5772075,0.62525344,0.5358932,0.5459233,0.52600914,0.6295191,0.32291934,0.7244192,0.17781024,0.4374925,0.17481862,0.3231056,0.64752233,0.7272588,0.399907,0.6293861,0.796125,0.056545023,0.63983923,0.7634084,0.7000409,0.6662932,0.5699377,0.61934394,0.78329736,0.7056427,0.29014277,0.2923899,0.0
0.8333333,1.0,0.0,1.0,0.0,0.0,0.0,0.0,0.0,0.0,0.2857143,0.2888889,0.0,1.0,1.0,1.0,1.0,1.0,0.24079971,0.46,0.33333334,0.31325302,0.0,0.25,0.0,0.0,0.057142857,0.0,0.099999994,0.20733173,0.39285713,0.65,0.10204081,0.0,0.0,0.0,0.0,0.04761905,0.0,0.4158845,0.15508808,0.40052703,0.7032131,0.7591951,0.5181531,0.39242277,0.7642345,0.2738815,0.6743159,0.2295243,0.37037998,0.1755477,0.27460024,0.2162073,0.47807342,0.23102014,0.5623203,0.6625557,0.11561359,0.5708311,0.6851323,0.34012932,0.31534186,0.022867523,0.72746676,0.6570282,0.36511782,0.34886602,0.3352823,0.0
0.7121212,1.0,0.0,1.0,1.0,0.0,0.0,0.0,0.0,0.0,0.5642857,0.16666667,0.0,0.0,0.0,0.0,1.0,1.0,0.10824751,0.0,1.0,0.012048192,0.0,0.0,0.0,0.0,0.0,0.0,0.0,0.042347383,0.0,0.98,0.020408163,0.0,0.0,0.0,0.0,0.0,0.0,0.7556161,0.39103326,0.22246154,0.24595745,0.20007846,0.26663184,0.25035077,0.24508916,0.09822386,0.3520637,0.77369636,0.11397411,0.13327442,0.098209456,0.5161755,0.6673,0.11797151,0.85080403,0.77287674,0.07989486,0.4300702,0.7741836,0.6486404,0.6857003,0.42871115,0.44248113,0.77874136,0.65846103,0.1713586,0.14332096,0.0
0.15151516,1.0,0.0,1.0,0.0,0.0,0.0,0.0,0.0,1.0,0.42142856,0.7222222,0.0,1.0,1.0,1.0,1.0,1.0,0.124400884,0.0,0.0,0.0,0.0,0.0,0.29591835,0.7,0.0,0.0,0.0,0.14954048,0.0,0.0,0.0,0.0,0.0,0.48351645,0.53,0.04761905,0.0,0.4069193,0.16812178,0.22222234,0.41691867,0.20945041,0.41926888,0.25437993,0.40339947,0.11244233,0.3841188,0.4940703,0.15644817,0.20172605,0.11241062,0.5049692,0.6512872,0.124427855,0.83630455,0.702502,0.098509036,0.4909152,0.71055907,0.57550204,0.54802364,0.44198734,0.5029794,0.6925403,0.5868731,0.33890435,0.114270076,0.0
0.56060606,1.0,0.0,1.0,1.0,0.0,0.0,0.0,0.0,0.0,0.42857143,0.35555556,0.0,0.0,1.0,1.0,1.0,1.0,0.44012555,0.06,0.01010101,0.04819277,0.0,0.083333336,0.23469387,0.39,0.32857144,0.0,0.0,0.42359707,0.017857142,0.0,0.010204081,0.0,0.0,0.16483517,0.72,0.23809525,0.0,0.4668851,0.4289049,0.7186238,0.7122908,0.62758905,0.72574794,0.62539935,0.71182936,0.52972716,0.7273374,0.22585064,0.5822034,0.08888611,0.5293887,0.26311687,0.2525139,0.36206242,0.7227458,0.29456428,0.15884782,0.24649048,0.298072,0.20471211,0.18693763,0.25624332,0.30393544,0.29333752,0.21026507,0.36896783,0.21889505,0.0
0.8181818,0.0,0.0,1.0,1.0,0.0,0.0,0.0,0.0,0.0,0.3,0.33333334,0.0,0.0,0.0,1.0,1.0,1.0,0.029503955,0.0,0.43434343,0.61445785,0.0,0.0,0.0,0.01,0.0,0.0,0.0,0.08276428,0.0,0.58,0.29591835,0.0,0.0,0.0,0.09,0.0,0.0,0.0030692343,0.114605345,0.22784992,0.4924926,0.056792848,0.11393429,0.42907026,0.44897425,0.026792752,0.19998467,0.36747202,0.06434861,0.5438141,0.026962234,0.34248433,0.4896647,0.02619235,0.442295,0.6180352,0.97403216,0.81985015,0.74495643,0.3897432,0.29255614,0.28362837,0.9064908,0.60940623,0.42631415,1.0,0.5736789,1.0
0.6060606,0.0,0.0,1.0,0.0,0.0,0.0,1.0,0.0,0.0,0.3642857,0.44444445,0.0,0.0,0.0,0.0,1.0,1.0,0.14936481,0.0,0.0,0.0,0.0,0.0,0.0,0.97,0.042857144,0.0,0.0,0.28456128,0.0,0.0,0.0,0.0,0.0,0.12087911,0.84,0.0952381,0.0,0.69094586,0.50216484,0.29349348,0.25797424,0.19929668,0.28778574,0.2722678,0.26386073,0.11976405,0.34201914,0.7917617,0.1297219,0.103837036,0.11986082,0.33880922,0.42189413,0.10288235,0.8010456,0.5568078,0.0778767,0.32504374,0.5346901,0.36348653,0.3478505,0.31186315,0.36925775,0.5500564,0.37392387,0.31341198,0.14700405,0.0
0.92424244,0.0,0.0,1.0,0.0,0.0,1.0,1.0,0.0,0.0,0.5285714,0.13333334,0.0,0.0,0.0,1.0,1.0,1.0,0.04774284,0.14,0.41414142,0.5421687,0.0,0.0,0.0,0.0,0.0,0.0,0.0,0.10547826,0.07142857,0.63,0.31632653,0.0,0.0,0.0,0.0,0.0,0.0,0.47019777,0.44627926,0.17408349,0.17227578,0.106054716,0.19107279,0.10326872,0.1726871,0.039184798,0.16277541,0.67418206,0.063060865,0.30409873,0.03924882,0.54782146,0.5704441,0.040855773,0.8273302,0.5215346,0.13094977,0.41582337,0.5411582,0.49523184,0.4293126,0.49985617,0.40364802,0.52301604,0.50015104,0.48195204,0.13250212,0.0
0.33333334,1.0,0.0,1.0,0.0,0.0,0.0,0.0,0.0,0.0,0.23571429,0.51111114,0.0,1.0,1.0,1.0,1.0,1.0,0.06956399,0.02,0.14141414,0.6385542,0.46153846,0.0,0.010204081,0.0,0.15714286,0.5555555,0.099999994,0.03959542,0.035714284,0.36,0.27551022,0.14285713,0.0,0.0,0.0,0.0,0.0,0.73734385,0.30214798,0.2102707,0.28566054,0.21758945,0.40366802,0.2012245,0.41809654,0.061350264,0.39731902,0.436523,0.107550785,0.32909185,0.061591096,0.318184,0.43757612,0.052171692,0.46351007,0.61051995,0.108563274,0.61530656,0.58922374,0.3360985,0.28238353,0.33224058,0.67213714,0.59856784,0.35232872,0.45294937,0.43875197,0.0
0.15151516,1.0,0.0,1.0,0.0,0.0,0.0,0.0,0.0,0.0,0.5714286,0.7888889,0.0,1.0,1.0,1.0,1.0,1.0,0.14776854,0.0,0.0,0.0,0.0,0.0,0.0,0.94,0.08571429,0.0,0.0,0.29984084,0.0,0.0,0.0,0.0,0.0,0.01098901,0.8,0.4047619,0.0,0.5801771,0.48678702,0.3669104,0.33224672,0.2543337,0.3504591,0.32011488,0.3350892,0.17257717,0.38354275,0.70123273,0.1794279,0.08227098,0.17242011,0.2159113,0.49652997,0.15847868,0.8435963,0.8006975,0.056937564,0.33300108,0.77461904,0.4087697,0.45901167,0.1714699,0.42438594,0.79421926,0.4332733,0.19477078,0.13777581,0.0
0.34848484,1.0,0.0,1.0,0.0,0.0,0.0,0.0,0.0,0.0,0.45,0.47777778,0.0,0.0,0.0,0.0,1.0,1.0,0.067026556,0.0,0.02020202,0.012048192,0.0,0.0,0.0,0.83,0.21428573,0.0,0.0,0.17985316,0.0,0.03,0.010204081,0.0,0.0,0.1978022,0.59,0.42857146,0.04761905,0.8113604,0.81179696,0.40865442,0.22520106,0.16683525,0.23174453,0.6133957,0.64408344,0.072786674,0.34495932,0.7457802,0.09367924,0.18193167,0.07294537,0.3670397,0.55608094,0.07619401,0.8213891,0.77730197,0.05484766,0.37587044,0.7576796,0.5096193,0.55754423,0.34051096,0.41396213,0.7842587,0.52570504,0.18501566,0.17223947,0.0
0.6969697,1.0,0.0,1.0,0.0,1.0,0.0,1.0,0.0,0.0,0.49285713,0.5555556,0.0,1.0,1.0,1.0,1.0,1.0,0.06254872,0.0,0.0,0.0,0.0,0.0,0.14285713,0.61,0.2857143,0.0,0.0,0.10305489,0.0,0.0,0.0,0.0,0.0,0.6153846,0.35,0.0952381,0.0,0.58303666,0.51965797,0.23355395,0.19735388,0.21058856,0.24894093,0.13966662,0.22670206,0.056018073,0.22782016,0.63205016,0.084815584,0.2603761,0.05612207,0.52084446,0.5820941,0.059401695,0.8852272,0.7017112,0.050761513,0.40137586,0.653378,0.52021754,0.4785851,0.5760632,0.36291912,0.6797716,0.5287102,0.39500126,0.08509138,1.0
0.8030303,0.0,0.0,1.0,0.0,0.0,0.0,1.0,0.0,0.0,0.3,0.34444445,0.0,1.0,1.0,1.0,1.0,1.0,0.3577334,0.5,0.5151515,0.0,0.0,0.0,0.17346938,0.01,0.0,0.0,0.0,0.09123582,1.0,0.36,0.0,0.0,0.0,0.07692307,0.01,0.0,0.0,0.028150909,0.17263791,0.49319196,0.8103504,0.5639229,0.27239075,0.7119922,0.7158523,0.2884599,0.40830487,0.3655949,0.33646318,0.115456395,0.2880106,0.35296327,0.32222503,0.21800087,0.65997064,0.423165,0.08080481,0.29965618,0.3842813,0.278442,0.24231227,0.29643267,0.34730068,0.41252306,0.28347024,0.37912726,0.2643025,1.0
0.4090909,1.0,0.0,1.0,1.0,0.0,0.0,0.0,1.0,1.0,0.42142856,0.7777778,0.0,1.0,0.0,1.0,1.0,1.0,0.004838549,0.0,0.35353535,0.746988,0.0,0.0,0.0,0.0,0.0,0.0,0.0,0.026297685,0.0,0.58,0.25510204,0.0,0.0,0.0,0.05,0.26190478,0.0,0.0,0.023501484,0.07967553,0.34492865,0.04066528,0.0362663,0.41126597,0.4299449,0.0027824203,0.11295664,0.40157703,0.014775987,1.0,0.003005053,0.37488154,0.3463554,0.0036988405,0.3502287,0.35953638,1.0,0.692877,0.44305336,0.30004168,0.21478467,0.46197847,0.7117885,0.35324886,0.3155842,0.98020196,0.6745191,0.0
0.45454547,1.0,0.0,1.0,1.0,0.0,0.0,0.0,0.0,0.0,0.32142857,0.46666667,0.0,1.0,0.0,1.0,1.0,1.0,0.021680184,0.0,0.37373737,0.7590362,0.0,0.0,0.0,0.0,0.0,0.0,0.0,0.07392309,0.017857142,0.74,0.13265306,0.0,0.0,0.0,0.0,0.0,0.0,0.4953951,0.56830597,0.14616503,0.10674003,0.14220583,0.12345513,0.055598665,0.14161643,0.02206149,0.1002513,0.84776545,0.03514292,0.33462015,0.02209255,0.200121,0.34677666,0.016552778,0.90629494,0.57035,0.077565104,0.24670209,0.5351364,0.2161409,0.17181903,0.27083513,0.2993136,0.5510994,0.23561479,0.44829845,0.07073673,1.0
0.57575756,1.0,0.0,1.0,0.0,0.0,0.0,0.0,1.0,0.0,0.5,0.41111112,0.0,1.0,1.0,1.0,1.0,1.0,0.2696693,0.02,0.01010101,0.09638554,0.23076923,0.0,0.08163265,0.3,0.54285717,0.3333333,0.0,0.122903936,0.0,0.0,0.0,0.0,0.0,0.25274724,0.43,0.7619048,0.0,0.35714838,0.30079705,0.47061056,0.59246665,0.56712914,0.5375803,0.5853353,0.58422536,0.3181453,0.52046555,0.39256877,0.3512086,0.09441746,0.3183275,0.591101,0.69990414,0.38661447,0.63431233,0.7114845,0.104503356,0.60307527,0.73411065,0.6811883,0.7003265,0.37389433,0.64525133,0.7189769,0.68729866,0.22400783,0.2977286,1.0
0.7878788,0.0,0.0,0.0,0.0,0.0,1.0,1.0,0.0,0.0,0.37142858,0.34444445,0.0,0.0,1.0,1.0,1.0,1.0,0.16739638,0.0,0.0,0.0,0.0,0.0,0.020408163,0.47,0.55714285,0.5555555,0.0,0.009991271,0.0,0.0,0.0,0.0,0.0,0.0,0.35,1.0,0.33333334,0.95074254,0.720702,0.45658392,0.29083273,0.27255642,0.4080289,0.47400165,0.45719194,0.17299518,0.4974475,0.46038732,0.21750136,0.15118392,0.17312767,0.5814567,0.5169079,0.17449173,0.70274,0.48652703,0.10173238,0.4262689,0.4710663,0.51282084,0.48079404,0.5110145,0.4110843,0.4801702,0.51114583,0.34677628,0.23144545,1.0
0.27272728,1.0,0.0,1.0,0.0,0.0,0.0,0.0,1.0,1.0,0.94285715,0.6666667,0.0,1.0,1.0,1.0,1.0,1.0,0.18660133,0.22,0.33333334,0.40963855,0.46153846,0.0,0.0,0.0,0.014285714,0.111111104,0.0,0.34624428,0.35714287,0.45,0.25510204,0.07142857,0.14285713,0.01098901,0.0,0.04761905,0.0,0.62070566,0.49398774,0.44207552,0.39593172,0.33111292,0.34669802,0.41806173,0.48519284,0.18099469,0.47954088,0.3888421,0.23906104,0.17062739,0.1812438,0.40559593,0.46565288,0.16827938,0.49322513,0.582873,0.08242564,0.5698795,0.56324637,0.43419492,0.43401027,0.43665585,0.58898866,0.58155894,0.4421278,0.27288,0.43245122,0.0
0.22727273,1.0,0.0,1.0,0.0,1.0,0.0,0.0,1.0,0.0,0.44285715,0.44444445,0.0,1.0,1.0,1.0,1.0,1.0,0.09195731,0.04,0.89898986,0.024096385,0.0,0.0,0.0,0.07,0.0,0.0,0.0,0.23831186,0.017857142,0.97,0.010204081,0.0,0.0,0.0,0.01,0.0,0.0,0.35324237,0.23902626,0.40329823,0.58366334,0.5252449,0.357801,0.5162184,0.61744624,0.10189445,0.5093578,0.19551115,0.19518895,0.3670678,0.1026879,0.081381634,0.2318255,0.059939496,0.68209726,0.44335184,0.14682667,0.27011976,0.4395276,0.074602,0.014167159,0.007139094,0.41189674,0.43164536,0.09751999,0.54168254,0.26268142,0.0
0.28787878,1.0,0.0,1.0,0.0,0.0,0.0,0.0,1.0,1.0,0.5857143,0.7777778,0.0,1.0,1.0,1.0,1.0,1.0,0.10181684,0.0,0.96969694,0.04819277,0.0,0.0,0.0,0.0,0.0,0.0,0.0,0.03181188,0.0,0.82,0.17346938,0.0,0.0,0.0,0.01,0.0,0.0,0.63488585,0.28227755,0.20772006,0.29630515,0.21360587,0.30594558,0.29559797,0.30514127,0.10635377,0.3660111,0.6690869,0.13047901,0.15176216,0.10638387,0.26227164,0.45513487,0.085569166,0.810939,0.7690334,0.023636287,0.33465415,0.7131095,0.29674596,0.18384881,0.34461507,0.3686297,0.76358396,0.32213384,0.49885947,0.16441119,0.0
0.34848484,1.0,0.0,1.0,0.0,0.0,0.0,0.0,0.0,0.0,0.44285715,0.5,1.0,1.0,1.0,1.0,1.0,1.0,0.30180606,0.48,0.37373737,0.31325302,0.0,0.0,0.020408163,0.0,0.028571429,0.0,0.0,0.5494583,0.57142854,0.46,0.1122449,0.0,0.0,0.02197802,0.07,0.023809524,0.0,0.20765865,0.24241431,0.516113,0.72532386,0.49725744,0.37883094,0.5883543,0.6672686,0.3310788,0.51403624,0.35779044,0.37239233,0.10073175,0.3309554,0.46438304,0.57771665,0.33686304,0.32353187,0.65705335,0.16107905,0.8669144,0.66941845,0.5135981,0.48698694,0.3861731,0.9226325,0.6585533,0.5254762,0.3922154,0.5898503,0.0
0.37878788,1.0,0.0,1.0,0.0,0.0,0.0,0.0,0.0,0.0,0.45,0.45555556,0.0,0.0,0.0,1.0,1.0,1.0,0.04027149,0.0,0.16161616,0.7831325,0.61538464,0.0,0.010204081,0.0,0.08571429,0.22222221,0.0,0.032951687,0.0,0.1,0.4897959,0.5535714,0.0,0.0,0.0,0.0,0.33333334,0.44515178,0.3594182,0.1753262,0.21285984,0.16291751,0.16641444,0.19034676,0.22310945,0.04465748,0.19643857,0.5012091,0.08083212,0.35696968,0.04510909,0.42748562,0.47789967,0.04151197,0.8027194,0.5664467,0.10906341,0.37821338,0.5489793,0.3973348,0.34645674,0.39509913,0.39832708,0.55105144,0.40738076,0.46579346,0.15465197,0.0
0.5151515,1.0,0.33333334,1.0,1.0,1.0,0.0,0.0,1.0,1.0,0.40714285,0.51111114,0.0,1.0,1.0,1.0,1.0,1.0,0.12568204,0.02,1.0,0.0,0.0,0.0,0.0,0.0,0.0,0.0,0.0,0.002875186,0.07142857,0.96,0.0,0.0,0.0,0.0,0.0,0.0,0.0,0.4338852,0.3880321,0.32317993,0.35167867,0.24003765,0.3286025,0.23906505,0.3763796,0.13406008,0.33317727,0.42329803,0.18822081,0.20202489,0.13409528,0.9191119,0.975192,0.22348513,0.7949769,0.9653736,0.05786207,0.6222578,0.9487156,1.0,1.0,0.63251865,0.5797985,0.96288306,1.0,0.21491769,0.18856038,0.0
0.54545456,1.0,0.0,1.0,0.0,0.0,0.0,0.0,0.0,0.0,0.08571429,0.24444444,0.0,1.0,0.0,1.0,1.0,1.0,0.035652686,0.0,0.4040404,0.7108434,0.0,0.0,0.0,0.0,0.0,0.0,0.0,0.2403861,0.51785713,0.51,0.14285713,0.0,0.0,0.0,0.0,0.0,0.0,0.6239619,0.44143635,0.14369202,0.14497155,0.1755082,0.13895167,0.08576429,0.17087604,0.033504847,0.17868856,0.7988267,0.050541513,0.2835618,0.033530064,0.3613705,0.5180656,0.03264203,0.8067669,0.70257807,0.051554278,0.3924335,0.66532475,0.423657,0.39129546,0.3549246,0.42684305,0.689326,0.4391808,0.35428378,0.13416737,1.0
0.530303,0.0,0.0,1.0,0.0,0.0,0.0,0.0,0.0,0.0,0.37142858,0.56666666,0.0,0.0,0.0,1.0,1.0,1.0,0.066251226,0.0,0.96969694,0.04819277,0.0,0.0,0.0,0.0,0.0,0.0,0.0,0.09834164,0.0,1.0,0.0,0.0,0.0,0.0,0.0,0.0,0.0,0.56433165,0.48676676,0.21314079,0.19234622,0.13345225,0.21590322,0.1720911,0.20040569,0.05521823,0.21566866,0.7370816,0.07707991,0.2255728,0.055223048,0.58764946,0.6453027,0.06287635,0.8432319,0.7026691,0.05366739,0.45909858,0.660906,0.58555055,0.5405627,0.6376277,0.40404496,0.6830594,0.59123313,0.38628963,0.10571938,0.0
0.34848484,1.0,0.0,1.0,0.0,0.0,0.0,0.0,0.0,0.0,0.5,0.6,1.0,1.0,1.0,1.0,1.0,1.0,0.30283016,0.04,0.03030303,0.13253012,0.23076923,0.33333334,0.091836736,0.35,0.22857143,0.22222221,0.5,0.30288032,0.017857142,0.0,0.040816326,0.14285713,1.0,0.1978022,0.24,0.33333334,0.52380955,0.59174573,0.22145247,0.49310836,0.7270076,0.556639,0.6945859,0.6124642,0.7355416,0.30565205,0.8522791,0.12881781,0.4449013,0.20762663,0.3064155,0.7124309,0.74281776,0.39558992,0.3984624,0.7016305,0.115850426,0.86031175,0.7110733,0.74565154,0.7332486,0.5611967,0.8574449,0.7018871,0.74642926,0.2826317,0.51566297,0.0
0.45454547,1.0,0.0,1.0,0.0,0.0,0.0,0.0,0.0,0.0,0.3,0.45555556,0.0,0.0,1.0,1.0,1.0,1.0,0.04401131,0.0,0.89898986,0.13253012,0.0,0.0,0.0,0.0,0.0,0.0,0.0,0.053396314,0.0,0.74,0.26530612,0.0,0.0,0.0,0.0,0.0,0.0,0.44207707,0.23852259,0.12529592,0.22232717,0.135867,0.23682941,0.16236362,0.21875255,0.04710014,0.20501532,0.8118068,0.06463211,0.22575973,0.047123555,0.44809988,0.56877077,0.05032638,0.82968605,0.7479378,0.037755787,0.37657815,0.69646436,0.5183078,0.5131755,0.40443936,0.39347976,0.7335926,0.5295467,0.26812372,0.13656065,0.0
0.8484849,1.0,0.0,1.0,1.0,1.0,0.0,1.0,0.0,0.0,0.33571428,0.2888889,1.0,0.0,0.0,1.0,1.0,1.0,0.06059174,0.0,0.22222222,0.6385542,0.61538464,0.0,0.0,0.0,0.15714286,0.44444442,0.0,0.009919392,0.0,0.86,0.14285713,0.0,0.0,0.0,0.0,0.0,0.0,0.39036477,0.43005177,0.22871633,0.23231587,0.21348064,0.1589748,0.1834895,0.24893604,0.063777275,0.19567092,0.7093602,0.08752963,0.2127345,0.063938536,0.21927811,0.2814955,0.04504622,0.87023014,0.42159557,0.11156987,0.2049118,0.40363374,0.20788112,0.19255713,0.22317584,0.27056494,0.4097587,0.21935046,0.35017443,0.099501245,1.0
0.3939394,1.0,0.0,1.0,0.0,0.0,0.0,0.0,1.0,1.0,0.6571429,0.6666667,0.0,1.0,0.0,1.0,1.0,1.0,0.06844868,0.0,0.0,0.036144577,0.07692308,0.0,0.010204081,0.27,0.8142857,1.0,0.0,0.049340248,0.0,0.0,0.0,0.017857142,0.0,0.04395604,0.34,0.4047619,1.0,0.7508884,0.45189852,0.18443279,0.17986691,0.16741145,0.15581657,0.14750278,0.18037626,0.060499646,0.26205322,0.9025144,0.07282367,0.16391757,0.06051727,0.26233327,0.26457086,0.041956972,0.8443572,0.3599414,0.11625217,0.20350192,0.33903456,0.20014702,0.17348692,0.32439756,0.23543446,0.35260278,0.20758477,0.41850802,0.11860868,0.0
0.530303,1.0,0.0,1.0,0.0,0.0,0.0,0.0,1.0,1.0,0.39285713,0.5888889,0.0,1.0,1.0,1.0,1.0,1.0,0.16247492,0.02,0.0,0.012048192,0.0,0.0,0.2244898,0.39,0.42857146,0.0,0.0,0.07751707,0.035714284,0.0,0.030612243,0.0,0.0,0.16483517,0.46,0.5476191,0.0,0.35335818,0.47928566,0.47122002,0.4323866,0.46703717,0.3471698,0.51426893,0.55623674,0.14973915,0.36831883,0.36095488,0.2151641,0.21040674,0.14991967,0.4447452,0.7025461,0.16280994,0.80000365,0.9329903,0.047457885,0.5367281,0.8936626,0.55016977,0.4658895,0.3898204,0.5691822,0.90948915,0.5748587,0.44978246,0.14490551,0.0
0.33333334,0.0,0.0,1.0,0.0,0.0,0.0,0.0,0.0,0.0,0.74285716,0.8,0.0,1.0,1.0,1.0,1.0,1.0,0.07022738,0.0,0.0,0.0,0.0,0.0,0.0,0.92,0.114285715,0.0,0.0,0.13431227,0.035714284,0.04,0.0,0.0,0.0,0.07692307,0.66,0.3809524,0.04761905,0.7805794,0.8215757,0.28605157,0.14276879,0.16320944,0.18937582,0.13158314,0.16352843,0.057195935,0.22111507,0.7744066,0.07683297,0.20832512,0.057212543,0.40331304,0.38298714,0.046783477,0.78208524,0.38381565,0.14580075,0.33066407,0.38618731,0.31979433,0.26980582,0.5133321,0.3083244,0.38571987,0.3242002,0.49890074,0.16895021,1.0
0.95454544,0.0,0.0,0.0,0.0,0.0,0.0,0.0,0.0,0.0,0.5214286,0.2888889,0.0,0.0,0.0,1.0,1.0,1.0,0.032339916,0.0,0.0,0.0,0.0,0.0,0.0,0.99,0.014285714,0.0,0.0,0.059896287,0.0,0.0,0.0,0.0,0.0,0.0,0.96,0.0952381,0.0,0.8827996,0.49280685,0.13159789,0.11625498,0.29390714,0.16839677,0.42555615,0.42125896,0.02906153,0.21164481,0.7390669,0.04774065,0.32979143,0.029168159,0.37600407,0.47127065,0.027652703,0.8202384,0.6267283,0.06977768,0.377849,0.58429974,0.4003834,0.36901328,0.44825462,0.38027975,0.60179836,0.41199312,0.3727985,0.1285604,0.0
0.8030303,0.0,0.0,1.0,0.0,0.0,0.0,0.0,0.0,0.0,0.44285715,0.32222223,0.0,1.0,1.0,1.0,1.0,1.0,0.039355192,0.0,1.0,0.012048192,0.0,0.0,0.0,0.0,0.0,0.0,0.0,0.103804484,0.0,0.84,0.1632653,0.0,0.0,0.0,0.0,0.0,0.0,0.58471805,0.36487406,0.12078218,0.15185657,0.076242946,0.1589748,0.14296044,0.13992251,0.030690087,0.17533472,0.76804894,0.048525073,0.30929133,0.03074144,0.5844504,0.7919804,0.040530767,0.8630486,0.96240985,0.033903312,0.5222861,0.9111274,0.671344,0.59112465,0.5248255,0.5089262,0.9356155,0.6892572,0.4037594,0.10012988,0.0
0.7878788,1.0,0.0,1.0,1.0,1.0,1.0,1.0,1.0,0.0,0.6571429,0.5555556,0.0,1.0,1.0,1.0,1.0,1.0,0.7745825,0.36,0.6060606,0.1807229,0.0,0.0,0.020408163,0.0,0.014285714,0.0,0.0,0.40817374,0.78571427,0.37,0.18367347,0.0,0.0,0.01098901,0.0,0.0,0.0,0.26892313,0.24744041,0.7333616,0.99641997,0.5169938,1.0,0.80013645,0.98453563,0.83135426,0.7974847,0.3666724,0.69126844,0.0,0.8302603,0.5154092,0.4654126,0.82195413,0.6090689,0.29403523,0.2872828,0.36166832,0.38202938,0.5086523,0.53450716,0.22171502,0.43827614,0.3219936,0.5050287,0.03558187,0.40186507,1.0
0.34848484,1.0,0.0,1.0,0.0,0.0,0.0,0.0,0.0,0.0,0.3642857,0.45555556,1.0,1.0,1.0,1.0,1.0,1.0,0.14924042,0.0,0.979798,0.024096385,0.0,0.0,0.0,0.0,0.0,0.0,0.0,0.09791036,0.017857142,0.95,0.040816326,0.0,0.0,0.0,0.0,0.0,0.0,0.37064248,0.33768308,0.34159502,0.4089954,0.26354757,0.4122715,0.6725033,0.67189336,0.15755017,0.3561145,0.45153955,0.20539215,0.16744478,0.15759462,0.27663627,0.45385858,0.11536563,0.41624463,0.5450298,0.21664454,0.5876192,0.6210746,0.22807525,0.06851024,0.3384476,0.6405384,0.58026326,0.2554288,0.76232404,0.6363112,1.0
0.75757575,1.0,0.0,0.0,0.0,0.0,0.0,0.0,1.0,1.0,0.31428573,0.33333334,0.0,1.0,1.0,1.0,1.0,1.0,0.05533028,0.22,0.17171717,0.85542166,0.0,0.0,0.0,0.0,0.0,0.0,0.0,0.074436516,0.66071427,0.16,0.4897959,0.0,0.0,0.0,0.0,0.0,0.0,0.6850639,0.5510267,0.21165186,0.16686478,0.1567209,0.23989508,0.26576906,0.3554409,0.055353858,0.22416212,0.8034905,0.07334567,0.20425026,0.05546445,0.594056,0.7545028,0.073115356,0.8617482,0.85129404,0.0614462,0.5262496,0.8417344,0.71490395,0.71280056,0.56115437,0.50108564,0.84803206,0.7255427,0.25493568,0.11224895,0.0
0.7121212,0.0,0.0,1.0,1.0,1.0,0.0,0.0,0.0,0.0,0.87142855,0.7777778,0.0,1.0,1.0,1.0,1.0,1.0,0.133568,0.0,0.91919196,0.10843374,0.0,0.0,0.0,0.0,0.0,0.0,0.0,0.09839298,0.0,0.82,0.17346938,0.0,0.0,0.0,0.0,0.0,0.0,0.37702596,0.37501678,0.29113623,0.32697892,0.2644246,0.23695254,0.21572807,0.3238297,0.121408604,0.2811963,0.7321559,0.13674937,0.1170323,0.121409126,0.32052183,0.38216427,0.100787126,0.8320196,0.50666773,0.07797828,0.2760776,0.4850849,0.33958122,0.34939653,0.35281634,0.3034164,0.50461316,0.347945,0.25974318,0.12852448,0.0
0.6060606,1.0,0.33333334,1.0,1.0,0.0,0.0,0.0,0.0,0.0,0.4,0.4888889,0.0,0.0,0.0,1.0,1.0,1.0,0.049413737,0.0,0.4040404,0.686747,0.23076923,0.0,0.0,0.0,0.0,0.0,0.0,0.019756636,0.0,0.88,0.12244897,0.0,0.0,0.0,0.0,0.0,0.0,0.6583612,0.5533102,0.19888626,0.155324,0.1755082,0.1443048,0.16972731,0.2238307,0.04660215,0.20150968,0.895754,0.060148492,0.20223714,0.046732318,0.47342756,0.5204645,0.04610086,0.8180503,0.5853459,0.09372705,0.41343576,0.5727779,0.45562914,0.40813944,0.492025,0.40370244,0.5753601,0.4637094,0.41940984,0.135939,0.0
0.5151515,1.0,1.0,1.0,1.0,0.0,0.0,0.0,0.0,0.0,0.3,0.51111114,0.0,1.0,0.0,1.0,1.0,1.0,0.0115801785,0.02,0.0,0.0,0.0,0.0,0.0,0.99,0.0,0.0,0.0,0.012086051,0.0,0.0,0.0,0.0,0.0,0.03296703,0.94,0.04761905,0.0,0.45015553,0.40471998,0.1079189,0.12305013,0.07867958,0.12983736,0.049572967,0.5910125,0.013276746,0.1056812,0.8426358,0.023602558,0.42242673,0.013318794,0.062292077,0.31602952,0.008804136,0.8582627,0.64262486,0.09117589,0.26472414,0.61011547,0.11131834,0.037492488,0.20405532,0.3407239,0.622931,0.14420067,0.55752534,0.13168307,0.0
0.18181819,1.0,0.0,1.0,0.0,0.0,0.0,0.0,1.0,1.0,0.30714285,0.6,0.0,0.0,1.0,1.0,0.0,1.0,0.18099989,0.0,0.9595959,0.060240965,0.0,0.0,0.0,0.0,0.0,0.0,0.0,0.3588335,0.1607143,0.63,0.2244898,0.017857142,0.0,0.0,0.0,0.0,0.0,0.47902238,0.27550787,0.31399336,0.43117568,0.31043875,0.5171143,0.31933612,0.49888158,0.20742229,0.43992096,0.49748826,0.23905897,0.115110196,0.20768161,0.69768393,0.78928846,0.27938345,0.81230086,0.82107544,0.064263485,0.5373103,0.8198879,0.77793866,0.7810495,0.54838204,0.51712817,0.82913375,0.7827994,0.23504195,0.15446052,0.0
0.3181818,1.0,0.0,1.0,1.0,0.0,0.0,0.0,0.0,0.0,0.3642857,0.45555556,0.0,0.0,1.0,1.0,1.0,1.0,0.011936747,0.0,0.0,0.0,0.0,0.0,1.0,0.01,0.0,0.0,0.0,0.0057195667,0.0,0.0,0.0,0.0,0.0,0.8791209,0.2,0.0,0.0,0.90476197,0.64509344,0.087295815,0.042321693,0.0213327,0.07035,0.06449586,0.04482217,0.010953715,0.107284755,0.79512954,0.021281982,0.47691554,0.0109880045,0.499298,0.5877878,0.013431508,1.0,0.63606364,0.09211099,0.34782985,0.6364213,0.50780296,0.47265506,0.4901767,0.33432898,0.62717164,0.5177265,0.37278304,0.0,0.0
0.6818182,0.0,0.0,1.0,0.0,1.0,0.0,0.0,0.0,0.0,0.6571429,0.2777778,0.0,1.0,1.0,1.0,0.0,1.0,0.40996236,0.0,0.02020202,0.012048192,0.0,0.0,0.20408162,0.76,0.0,0.0,0.0,0.16955383,0.017857142,0.06,0.010204081,0.0,0.0,0.58241755,0.39,0.0,0.0,0.4931728,0.44625586,0.64191437,0.6199596,0.28461963,0.40736035,0.8782161,0.8977659,0.35876322,0.65085006,0.53649753,0.33807567,0.041342285,0.35841706,0.7971216,0.7258216,0.47679818,0.69781965,0.58594567,0.12258838,0.5234741,0.60499626,0.78569055,0.7876922,0.622449,0.47776246,0.59901243,0.7777009,0.161831,0.26995403,0.0
0.5,0.0,0.0,1.0,0.0,0.0,0.0,0.0,0.0,0.0,0.55,0.54444444,0.0,1.0,1.0,1.0,0.0,1.0,0.21852663,0.0,0.8888889,0.14457831,0.0,0.0,0.0,0.0,0.0,0.0,0.0,0.32199004,0.28571427,0.65,0.1632653,0.0,0.0,0.0,0.0,0.0,0.0,0.5036114,0.5020598,0.45857972,0.40549695,0.31464857,0.43124214,0.37743253,0.4138792,0.2460399,0.4263052,0.5528456,0.2572588,0.07865414,0.24589823,0.5169883,0.7083793,0.29840195,0.8065078,0.8732651,0.051465724,0.49960202,0.85590047,0.670451,0.7023116,0.46061352,0.5060587,0.8753738,0.6840088,0.21153723,0.16747944,0.0
0.56060606,1.0,0.0,1.0,0.0,0.0,1.0,0.0,0.0,0.0,0.31428573,0.34444445,0.0,0.0,0.0,1.0,0.0,1.0,0.04121681,0.0,0.979798,0.036144577,0.0,0.0,0.0,0.0,0.0,0.0,0.0,0.07998151,0.0,0.93,0.07142857,0.0,0.0,0.0,0.0,0.0,0.0,0.5048122,0.5359647,0.22241493,0.18144281,0.20945041,0.2309943,0.11893832,0.20612149,0.051013824,0.18372181,0.76288885,0.07125033,0.22925977,0.05101098,0.30887517,0.5738487,0.05155483,0.9168178,0.85266817,0.036165535,0.3682262,0.81859845,0.46275917,0.47136834,0.31901968,0.41294688,0.84720427,0.4866667,0.28626952,0.060354996,0.0
0.7878788,1.0,0.0,0.0,1.0,0.0,0.0,1.0,0.0,0.0,0.0,0.0,0.0,0.0,0.0,1.0,0.0,1.0,0.013130835,0.0,0.77777773,0.27710843,0.0,0.0,0.0,0.0,0.0,0.0,0.0,0.0044976124,0.0,0.77,0.23469387,0.0,0.0,0.0,0.0,0.0,0.0,0.6151639,0.67857367,0.112755395,0.05502041,0.06210309,0.06828124,0.047515236,0.052883975,0.011604372,0.06846692,0.93621236,0.019190125,0.40601245,0.011612323,0.3944973,0.4498561,0.010911818,0.81245106,0.4350115,0.16542584,0.3485503,0.45951945,0.33314717,0.26721072,0.45142052,0.34797257,0.43541297,0.34269884,0.56027234,0.15896389,0.0
0.3939394,1.0,0.0,0.0,0.0,1.0,0.0,0.0,0.0,0.0,0.20714286,0.4888889,0.0,1.0,0.0,0.0,0.0,1.0,0.07937791,0.0,0.0,0.0,0.0,0.0,0.0,0.97,0.042857144,0.0,0.0,0.06134415,0.0,0.0,0.0,0.0,0.0,0.0,0.93,0.16666667,0.0,0.60176784,0.38153195,0.21307991,0.2413065,0.1626253,0.2516713,0.24333864,0.23308463,0.08016438,0.28625977,0.748497,0.10027026,0.16752377,0.080195785,0.45982435,0.61899215,0.086525045,0.892137,0.76042426,0.06308204,0.43295148,0.7417772,0.5420337,0.52899885,0.46699,0.4328385,0.7502004,0.55629057,0.33265665,0.077228405,0.0
0.33333334,1.0,0.0,1.0,0.0,1.0,0.0,0.0,0.0,0.0,0.7714286,0.62222224,1.0,0.0,1.0,1.0,1.0,1.0,0.4902234,0.32,0.33333334,0.19277108,0.23076923,0.25,0.051020406,0.03,0.1,0.3333333,0.29999998,0.511855,0.4642857,0.49,0.12244897,0.0,0.57142854,0.02197802,0.01,0.0,0.04761905,0.7314622,0.5637938,0.8111518,0.66133434,0.6981547,0.74452245,0.5242221,0.76186126,0.5100829,0.88852364,0.24901502,0.55440146,0.085185945,0.50919414,0.15306571,0.24403726,0.3314719,0.081196465,0.3725061,0.2842838,0.7889335,0.3889347,0.16023384,0.14645734,0.15072216,0.91766167,0.37048197,0.17501621,0.43715575,0.90207005,0.0
0.3181818,1.0,0.0,1.0,0.0,0.0,0.0,0.0,0.0,0.0,0.40714285,0.6666667,0.0,1.0,1.0,1.0,0.0,1.0,0.17553526,0.0,0.0,0.0,0.0,0.0,0.010204081,0.92,0.1,0.0,0.0,0.31481233,0.0,0.0,0.0,0.0,0.0,0.13186812,0.79,0.1904762,0.0,0.7159176,0.26748398,0.27791885,0.39406434,0.34014988,0.32870066,0.39467075,0.39454088,0.20883559,0.5288376,0.5934296,0.22238344,0.08709987,0.20872214,0.49156365,0.7517813,0.26423573,0.8797124,0.9547847,0.05473451,0.46181518,0.96352667,0.70407706,0.7539619,0.3985774,0.48635688,0.9826742,0.7228223,0.17931981,0.1347284,0.0
0.36363637,0.0,0.0,1.0,0.0,0.0,0.0,0.0,0.0,0.0,0.23571429,0.46666667,0.0,1.0,0.0,0.0,0.0,1.0,0.1477105,0.0,0.0,0.0,0.0,0.0,0.1122449,0.46,0.41428572,0.0,0.0,0.21848334,0.0,0.01,0.0,0.0,0.0,0.15384614,0.55,0.6666667,0.0,0.11510243,0.0,0.24658386,0.7498179,0.1755082,0.4409999,0.5388361,0.53701335,0.09606949,0.44996682,0.29017648,0.16958396,0.32148263,0.09632818,0.5760946,0.5015529,0.0943819,0.642625,0.43085188,0.13399722,0.42233607,0.4276758,0.47970206,0.43100917,0.3931891,0.4460311,0.4218018,0.47804758,0.41591668,0.27797684,0.0
0.92424244,0.0,0.0,1.0,0.0,0.0,0.0,0.0,0.0,0.0,0.47857141,0.5,0.0,1.0,1.0,1.0,1.0,1.0,0.3095386,0.0,0.8888889,0.13253012,0.0,0.0,0.0,0.0,0.0,0.0,0.0,0.32584074,0.08928572,0.85,0.10204081,0.0,0.0,0.0,0.0,0.0,0.0,0.6293115,0.37129188,0.43372592,0.4803252,0.32371876,0.4913689,0.48954692,0.48455396,0.32707226,0.58643746,0.55675775,0.31220683,0.046180982,0.32678494,0.121851705,0.19869275,0.20809707,0.77566594,0.3600678,0.12745458,0.15108232,0.35269207,0.14742477,0.17559204,0.06871728,0.26445243,0.35956684,0.15890643,0.18350253,0.19028307,0.0
0.8636364,1.0,0.0,0.0,0.0,0.0,0.0,0.0,1.0,1.0,0.3,0.22222222,0.0,0.0,1.0,1.0,1.0,1.0,1.0,0.58,0.41414142,0.15662651,0.0,0.0,0.051020406,0.03,0.057142857,0.0,0.0,0.5986651,0.44642857,0.44,0.091836736,0.017857142,0.0,0.06593406,0.05,0.21428573,0.0,0.643248,0.6196443,1.0,0.7623953,0.73214036,0.85396767,0.8357234,0.8469665,1.0,0.9408175,0.12120176,1.0,0.05391779,1.0,0.5687919,0.4631363,0.9629664,0.44646004,0.34026688,0.17488487,0.54761744,0.36073497,0.48676264,0.48068717,0.49591413,0.54555386,0.34292358,0.48147747,0.27668822,0.4876005,0.0
0.6060606,0.0,0.6666667,1.0,1.0,0.0,0.0,0.0,0.0,0.0,0.27857143,0.47777778,0.0,0.0,0.0,1.0,0.0,1.0,0.062250193,0.0,0.05050505,0.0,0.0,0.0,0.010204081,0.33,0.7428571,0.111111104,0.0,0.10524208,0.0,0.0,0.0,0.0,0.0,0.28571427,0.53,0.26190478,0.0,0.5730523,0.55767393,0.37353325,0.30019176,0.24970217,0.25332367,0.4016022,0.3858729,0.058125146,0.34312263,0.55210984,0.093243346,0.28604275,0.058411233,0.30914935,0.47325593,0.052543726,0.37434706,0.71031475,0.16664185,0.7272359,0.67696214,0.37729684,0.33873934,0.28433135,0.80745757,0.6916403,0.39738637,0.42728278,0.5435072,0.0
0.4848485,1.0,0.0,0.0,1.0,0.0,0.0,0.0,0.0,0.0,0.31428573,0.62222224,0.0,0.0,0.0,0.0,0.0,1.0,0.112161465,0.0,0.979798,0.036144577,0.0,0.0,0.0,0.0,0.0,0.0,0.0,0.11286132,0.017857142,0.85,0.12244897,0.017857142,0.0,0.0,0.0,0.0,0.0,0.8925165,0.61095744,0.28584236,0.2059749,0.22140688,0.22006114,0.2259244,0.23014292,0.102307245,0.34667632,0.76350814,0.11823919,0.13067578,0.10231331,0.5999244,0.7613486,0.13277125,0.8434534,0.9109711,0.035670538,0.5174953,0.8880662,0.72073805,0.7306332,0.54345304,0.4976272,0.9154971,0.7329077,0.26624796,0.1338134,0.0
0.8333333,1.0,0.0,1.0,0.0,0.0,0.0,1.0,0.0,0.0,0.5,0.33333334,0.0,1.0,1.0,1.0,0.0,1.0,0.42310977,0.0,0.0,0.0,0.0,0.0,0.0,0.81,0.24285714,0.0,0.0,0.4114186,0.0,0.0,0.0,0.0,0.0,0.21978022,0.53,0.5,0.04761905,0.53294766,0.56842405,0.59064186,0.4746732,0.3452907,0.51607376,0.5124485,0.53260225,0.39087877,0.51958996,0.5511757,0.35447547,0.029145895,0.39057362,0.627729,0.55061364,0.43326712,0.0774798,0.42597684,0.22995773,0.88183624,0.45960024,0.61011213,0.6406002,0.5087579,0.89782757,0.44028732,0.60377073,0.12840237,0.9747909,0.0
0.56060606,1.0,0.0,1.0,0.0,0.0,0.0,0.0,1.0,1.0,0.42857143,0.53333336,0.0,0.0,0.0,1.0,0.0,1.0,0.028558634,0.0,0.0,0.0,0.0,0.0,0.0,0.96,0.057142857,0.0,0.0,0.08850439,0.0,0.0,0.0,0.0,0.0,0.0,0.75,0.5952381,0.0,0.7784229,0.5736792,0.15014412,0.10854476,0.103708915,0.11449391,0.11839668,0.111179434,0.02966489,0.17389266,0.82291174,0.045153953,0.29485068,0.029750856,0.05887637,0.28827685,0.019228287,0.870935,0.6277504,0.058128152,0.21972187,0.5768591,0.12242778,0.08013234,0.1106986,0.32372975,0.6044685,0.15084687,0.44541678,0.09166815,0.0
0.6969697,0.0,0.0,1.0,0.0,0.0,0.0,0.0,0.0,0.0,0.53571427,0.5888889,0.0,0.0,0.0,1.0,0.0,1.0,0.1253462,0.0,0.989899,0.024096385,0.0,0.0,0.0,0.0,0.0,0.0,0.0,0.19470145,0.017857142,0.72,0.27551022,0.0,0.0,0.0,0.0,0.0,0.0,0.3831322,0.425811,0.33994737,0.34368864,0.25230706,0.34942776,0.23810838,0.3606674,0.13592754,0.3001787,0.45547992,0.18470614,0.1875607,0.1361264,0.3189538,0.5098895,0.1305444,0.7724449,0.71359986,0.07586358,0.37383863,0.70809823,0.44853663,0.48393655,0.15052609,0.47490874,0.7170039,0.46575832,0.21403074,0.19400278,0.0
0.43939394,1.0,0.0,1.0,0.0,0.0,0.0,0.0,0.0,0.0,0.5857143,0.5555556,0.0,0.0,1.0,1.0,0.0,1.0,0.011227756,0.0,0.27272728,0.8795181,0.0,0.0,0.0,0.0,0.0,0.0,0.0,0.029070185,0.0,0.49,0.4897959,0.017857142,0.0,0.0,0.0,0.0,0.0,0.5778562,0.4826908,0.078651465,0.0710333,0.076242946,0.06548775,0.047515236,0.08123654,0.0112006245,0.07959455,0.8140101,0.021223584,0.4642086,0.011279353,0.10841932,0.18954699,0.006477479,0.81458306,0.34551463,0.14364296,0.15967067,0.34543917,0.052874975,0.005641424,0.1492101,0.2468742,0.35145205,0.069686756,0.5393144,0.15368366,0.0
0.3939394,1.0,0.0,1.0,0.0,0.0,0.0,0.0,1.0,0.0,0.4,0.5777778,0.0,1.0,0.0,1.0,0.0,1.0,0.060732707,0.0,0.0,0.0,0.0,0.0,0.0,0.97,0.042857144,0.0,0.0,0.12095292,0.0,0.0,0.0,0.0,0.0,0.0,0.91,0.21428573,0.0,0.71897227,0.48554343,0.2179038,0.19718432,0.17027637,0.18060349,0.21341945,0.19770648,0.0585202,0.27421373,0.7068193,0.08237785,0.22671734,0.05860269,0.22487485,0.58954626,0.055012,0.82227486,0.946579,0.031751532,0.45436272,0.91330546,0.3946378,0.3322414,0.22790886,0.53510374,0.9406971,0.43118387,0.42101148,0.12525772,0.0
0.59090906,1.0,0.33333334,1.0,1.0,0.0,0.0,0.0,0.0,0.0,0.1,0.31111112,0.0,0.0,1.0,0.0,0.0,1.0,0.096182235,0.0,0.86868685,0.1686747,0.0,0.0,0.0,0.0,0.0,0.0,0.0,0.2483134,0.0,0.87,0.13265306,0.0,0.0,0.0,0.0,0.0,0.0,0.6239394,0.43994617,0.24275523,0.24108723,0.23214982,0.23621315,0.19323912,0.26710537,0.0894259,0.29458132,0.7247784,0.110463046,0.15925641,0.08946899,0.53857285,0.6654469,0.09789042,0.83944565,0.76964015,0.060656182,0.47370756,0.7334414,0.55863035,0.47075844,0.5420077,0.4513951,0.7445635,0.571403,0.45114675,0.114564195,0.0
0.90909094,0.0,0.0,1.0,0.0,0.0,0.0,0.0,1.0,0.0,0.34285715,0.17777778,0.0,0.0,0.0,1.0,0.0,1.0,0.0143995555,0.0,0.46464646,0.61445785,0.0,0.0,0.0,0.0,0.0,0.0,0.0,0.011511013,0.035714284,0.89,0.020408163,0.0,0.0,0.0,0.01,0.0,0.0,0.47332227,0.51151156,0.11984648,0.10017119,0.11383442,0.123993255,0.040100526,0.10651574,0.018267784,0.08777693,0.8908625,0.029116362,0.34971464,0.018305017,0.23150943,0.3906992,0.013993401,0.86997753,0.5627583,0.11519954,0.26802722,0.55777556,0.21892191,0.14224805,0.26520804,0.32393238,0.5585146,0.24081494,0.572371,0.12122313,0.0
0.8030303,1.0,0.0,1.0,0.0,0.0,0.0,0.0,0.0,0.0,0.5285714,0.24444444,0.0,0.0,1.0,1.0,0.0,1.0,0.11454135,0.0,0.0,0.0,0.0,0.0,0.0,0.97,0.042857144,0.0,0.0,0.14338964,0.0,0.0,0.0,0.0,0.0,0.06593406,0.93,0.023809524,0.0,0.39229733,0.2498443,0.24770282,0.37159896,0.19337529,0.32416275,0.35589927,0.34772506,0.1253129,0.33180794,0.5999784,0.15469494,0.15018229,0.1252799,0.15570353,0.38440645,0.093180716,0.7848055,0.7490702,0.016805291,0.2674147,0.6894753,0.23773988,0.17840825,0.040521003,0.39792126,0.7413504,0.26536176,0.4001746,0.16508031,0.0
0.25757575,0.0,0.0,0.0,0.0,0.0,0.0,0.0,0.0,0.0,0.35714287,0.6,0.0,1.0,1.0,0.0,0.0,1.0,0.048136722,0.0,0.0,0.0,0.0,0.0,0.0,1.0,0.0,0.0,0.0,0.071037635,0.0,0.0,0.0,0.0,0.0,0.0,0.97,0.071428575,0.0,0.5246465,0.2786297,0.13307485,0.20803982,0.094469324,0.21036753,0.20809963,0.1902732,0.047637083,0.21961245,0.7849925,0.066558115,0.23258479,0.04769793,0.29979342,0.3856975,0.039214946,0.8663704,0.54157686,0.07012822,0.28376645,0.5027197,0.31266913,0.3062617,0.39212787,0.2985593,0.52380276,0.32385424,0.340231,0.09326321,0.0
0.33333334,1.0,0.0,0.0,0.0,0.0,0.0,0.0,1.0,0.0,0.34285715,0.56666666,0.0,0.0,0.0,0.0,0.0,1.0,0.1158308,0.0,0.8787879,0.15662651,0.0,0.0,0.0,0.0,0.0,0.0,0.0,0.1300919,0.0,0.67,0.29591835,0.017857142,0.0,0.0,0.0,0.0,0.0,0.48528513,0.36857626,0.29465777,0.33500305,0.19297679,0.35074,0.34654763,0.32864714,0.1419963,0.34102905,0.7581676,0.15001775,0.09147462,0.14203662,0.20075828,0.44088358,0.115228586,0.82972556,0.7817618,0.029835649,0.31884998,0.7170453,0.30552384,0.2645638,0.16752252,0.41060117,0.75514346,0.3318072,0.36913267,0.12873764,0.0
0.45454547,1.0,0.0,1.0,0.0,0.0,0.0,0.0,1.0,0.0,0.51428574,0.6666667,0.0,1.0,1.0,1.0,0.0,1.0,0.07135098,0.0,0.989899,0.024096385,0.0,0.0,0.0,0.0,0.0,0.0,0.0,0.13246393,0.035714284,0.94,0.030612243,0.0,0.0,0.0,0.0,0.0,0.0,0.83517534,0.5362776,0.23632558,0.19326656,0.21696995,0.23732169,0.18192849,0.21323365,0.07681268,0.3084825,0.7338135,0.09830268,0.17784157,0.076882735,0.35269618,0.42684355,0.06902793,0.78736186,0.57501465,0.06796459,0.31593165,0.5431432,0.393547,0.4144907,0.34449536,0.34869653,0.56722504,0.40228793,0.22946781,0.17278042,0.0
0.530303,1.0,0.0,1.0,0.0,0.0,0.0,0.0,0.0,0.0,0.17857143,0.33333334,0.0,0.0,1.0,1.0,0.0,1.0,0.35366186,0.62,0.26262626,0.4698795,0.0,0.0,0.0,0.0,0.0,0.0,0.0,0.531509,0.73214287,0.4,0.17346938,0.0,0.0,0.0,0.0,0.0,0.0,0.743101,0.29842603,0.42411283,0.5403689,0.44014704,0.4590365,0.8114183,0.8317218,0.39091247,0.737558,0.510269,0.366189,0.03876546,0.39054033,0.5548995,0.47836196,0.39413178,0.3326089,0.31938058,0.27391374,0.6143897,0.3772959,0.52421373,0.5415605,0.42171314,0.6414357,0.33405158,0.51896936,0.11881959,0.65898645,0.0
1.0,0.0,0.0,1.0,1.0,0.0,0.0,0.0,0.0,0.0,1.0,0.8888889,0.0,1.0,1.0,1.0,1.0,1.0,0.36890724,0.12,0.37373737,0.28915662,1.0,0.33333334,0.0,0.0,0.057142857,0.5555555,0.099999994,0.3377214,0.17857143,0.57,0.13265306,0.053571425,0.0,0.0,0.0,0.11904763,0.3809524,0.4786774,0.3725373,0.4998262,0.54905236,0.5124556,0.4431977,0.4002891,0.5398949,0.3626689,0.564588,0.32901937,0.4069751,0.09907148,0.3624876,0.3430651,0.28198355,0.264919,0.18159133,0.28160855,0.21719582,0.59483886,0.28131658,0.25623804,0.23843265,0.270774,0.6707219,0.2796512,0.25801027,0.36488837,0.75946933,0.0
0.72727275,1.0,0.0,1.0,0.0,0.0,0.0,0.0,0.0,0.0,0.65,0.7777778,0.0,1.0,1.0,1.0,1.0,1.0,0.32141316,0.0,0.0,0.0,0.0,0.0,0.1632653,0.84,0.0,0.0,0.0,0.22019818,0.0,0.0,0.0,0.0,0.0,0.48351645,0.52,0.071428575,0.0,0.49273512,0.37296304,0.50320673,0.5522065,0.4416735,0.6312291,0.4197274,0.61603427,0.3726134,0.57778186,0.33059764,0.41394913,0.09522837,0.37213543,0.31361106,0.34488982,0.2861635,0.57914436,0.4280423,0.13492523,0.38739473,0.42320624,0.28806052,0.2643868,0.1734545,0.48175326,0.42184755,0.29640663,0.37904853,0.33881965,1.0
0.6060606,1.0,0.6666667,1.0,1.0,0.0,0.0,0.0,0.0,0.0,0.55714285,0.54444444,0.0,1.0,1.0,1.0,0.0,0.0,0.717685,0.26,0.17171717,0.12048193,0.0,0.9166667,0.12244897,0.18,0.114285715,0.0,1.0,0.07374852,0.66071427,0.27,0.030612243,0.0,0.14285713,0.0989011,0.15,0.023809524,0.0,0.2155634,0.36014006,0.484321,0.5446753,0.3563958,0.3812992,0.5042246,0.53629106,0.18680471,0.3775423,0.29148474,0.26784945,0.20605385,0.18708743,0.17784931,0.35053125,0.13373166,0.29447162,0.55551326,0.29608765,0.7162425,0.557644,0.2156417,0.16533025,0.1451619,0.84196293,0.5430099,0.23905179,0.55078036,0.6312055,0.0
0.27272728,1.0,0.0,1.0,0.0,0.0,0.0,0.0,0.0,1.0,0.51428574,0.82222223,0.0,0.0,1.0,1.0,0.0,1.0,0.08748777,0.0,0.0,0.0,0.0,0.0,0.14285713,0.38,0.5857143,0.111111104,0.0,0.1901833,0.0,0.0,0.0,0.0,0.0,0.47252747,0.34,0.45238096,0.0952381,0.5633835,0.54919344,0.29851034,0.24097107,0.23393014,0.25730664,0.30315408,0.2850387,0.09000422,0.27101147,0.85337377,0.10105335,0.12429614,0.09006002,0.47018886,0.6208157,0.107617624,0.72327083,0.6765332,0.14341123,0.41695285,0.7337583,0.64325964,0.73861057,0.38713184,0.44230056,0.71641445,0.6512958,0.023816396,0.32301033,0.0
0.7121212,0.0,0.0,1.0,0.0,0.0,0.0,0.0,0.0,0.0,0.54285717,0.53333336,0.0,1.0,1.0,0.0,0.0,1.0,0.13430601,0.1,0.93939394,0.024096385,0.0,0.0,0.0,0.0,0.0,0.0,0.0,0.11358012,0.44642857,0.68,0.07142857,0.0,0.0,0.0,0.0,0.0,0.0,0.40392953,0.29137513,0.24359615,0.33274138,0.20176616,0.26980403,0.28579518,0.31073895,0.114337616,0.29960942,0.6905106,0.13515423,0.13594192,0.11434184,0.40284094,0.5444996,0.11307926,0.8394035,0.6574929,0.07240302,0.39017707,0.6477751,0.47725827,0.47005674,0.3938213,0.41151428,0.6563519,0.4890121,0.28382832,0.11115774,0.0
0.6212121,1.0,0.6666667,1.0,1.0,0.0,0.0,0.0,0.0,0.0,0.22857143,0.4,0.0,0.0,1.0,1.0,1.0,1.0,0.13757318,0.0,0.06060606,0.0,0.0,0.0,0.0,0.82,0.12857144,0.0,0.0,0.03638137,0.0,0.01,0.0,0.0,0.0,0.0,0.94,0.11904763,0.0,0.42818877,0.13655953,0.39746672,0.73143315,1.0,0.3770604,1.0,1.0,0.15255392,0.7132702,0.50737333,0.19149332,0.15272674,0.15297467,0.32571626,0.4333306,0.13138187,0.6974458,0.49470428,0.17609479,0.41687837,0.53126323,0.36440954,0.35502812,0.13489404,0.526016,0.49410832,0.3771291,0.3154058,0.25517744,0.0
0.0,1.0,0.0,1.0,0.0,1.0,0.0,0.0,1.0,0.0,0.5928571,0.87777776,0.0,0.0,1.0,1.0,0.0,0.0,0.03901106,0.0,0.9090909,0.12048193,0.0,0.0,0.0,0.0,0.0,0.0,0.0,0.10233609,0.0,0.78,0.2142857,0.0,0.0,0.0,0.0,0.0,0.0,0.95784545,0.53964543,0.14964448,0.11786237,0.11243765,0.14214307,0.13498282,0.12551507,0.040211033,0.23371948,0.95103997,0.051565163,0.207888,0.04018946,0.29058146,0.43151242,0.03540741,0.8105946,0.6541492,0.060419142,0.31946772,0.6092398,0.3543463,0.35394686,0.22038215,0.39369994,0.6312657,0.37011892,0.3010324,0.14757852,1.0
0.6060606,1.0,0.0,1.0,0.0,0.0,0.0,0.0,0.0,0.0,0.41428572,0.36666667,0.0,0.0,1.0,1.0,0.0,0.0,0.038256463,0.0,1.0,0.012048192,0.0,0.0,0.0,0.0,0.0,0.0,0.0,0.040899523,0.035714284,0.96,0.030612243,0.0,0.0,0.0,0.0,0.0,0.0,0.366174,0.43973184,0.19172785,0.19195431,0.1810688,0.17781904,0.14312403,0.22130024,0.03672649,0.1483479,0.7937789,0.054397594,0.27049968,0.03679317,0.41298097,0.5374104,0.038733687,0.8932483,0.69239277,0.055669643,0.35239872,0.65680707,0.49592188,0.49894625,0.48208845,0.34188998,0.6823729,0.5062695,0.24281928,0.0929659,0.0
0.57575756,0.0,0.0,1.0,0.0,0.0,0.0,0.0,0.0,0.0,0.5857143,0.5555556,0.0,1.0,0.0,1.0,0.0,0.0,0.016746273,0.0,0.0,0.0,0.0,0.0,0.0,0.35,0.9285714,0.0,0.0,0.006612928,0.0,0.0,0.0,0.0,0.0,0.03296703,0.73,0.1904762,0.0,0.47874776,0.5826505,0.112847075,0.075696714,0.07787038,0.081896245,0.033453677,0.08525609,0.0135104405,0.063177995,0.94641936,0.021578904,0.37777963,0.0135269,0.48660257,0.44501272,0.013137261,0.80962104,0.39929834,0.17042123,0.36397958,0.40745437,0.37440687,0.3095226,0.6207957,0.3081649,0.39648947,0.3776023,0.57689595,0.16451748,0.0
0.56060606,0.0,0.0,1.0,1.0,0.0,0.0,0.0,0.0,0.0,0.44285715,0.5555556,0.0,1.0,1.0,1.0,1.0,1.0,0.12354678,0.0,0.9292929,0.072289154,0.0,0.16666667,0.0,0.0,0.0,0.0,0.0,0.13640705,0.07142857,0.81,0.10204081,0.0,0.14285713,0.0,0.0,0.0,0.0,0.74542725,0.5821502,0.40425092,0.31345695,0.22627398,0.6103478,0.33390263,0.72368807,0.10511366,0.43773517,0.57579154,0.13932674,0.1827868,0.10535166,0.5045873,0.46293285,0.09661227,0.84779286,0.46300715,0.09710403,0.3332122,0.43286383,0.42394683,0.37135756,0.5904905,0.2854102,0.4452548,0.42503595,0.43985966,0.107083365,1.0
0.24242425,1.0,0.0,1.0,0.0,1.0,0.0,0.0,0.0,1.0,0.41428572,0.6111111,0.0,1.0,1.0,1.0,0.0,1.0,0.016733835,0.0,0.7070707,0.3614458,0.0,0.0,0.0,0.0,0.0,0.0,0.0,0.034697335,0.3392857,0.52,0.07142857,0.0,0.0,0.0,0.0,0.0,0.0,0.26242486,0.3853527,0.096533835,0.11835544,0.12155298,0.123993255,0.033453677,0.11609875,0.01488548,0.051427696,0.9104606,0.024216132,0.3758318,0.014908724,0.39643088,0.19990629,0.0107817175,0.8005521,0.16329779,0.151881,0.15492904,0.121179,0.20355724,0.17067544,0.5544688,0.107186615,0.14609356,0.1985397,0.4598298,0.15880808,0.0
0.37878788,0.0,0.0,1.0,0.0,0.0,0.0,0.0,0.0,0.0,0.5,0.6111111,0.0,1.0,1.0,1.0,0.0,0.0,0.17759176,0.0,0.9595959,0.060240965,0.0,0.0,0.0,0.0,0.0,0.0,0.0,0.34279406,0.08928572,0.76,0.18367347,0.0,0.0,0.0,0.0,0.0,0.0,0.81206656,0.7308533,0.40146056,0.24801815,0.23758298,0.28573036,0.2312158,0.26342615,0.15426627,0.3770649,0.84520906,0.1497795,0.06270666,0.15409844,0.5304397,0.6133213,0.17312227,0.8110572,0.6882198,0.06924225,0.4238322,0.6749391,0.6003549,0.6147088,0.50989914,0.40885547,0.6915131,0.6059088,0.20522581,0.15841362,0.0
0.25757575,0.0,0.0,1.0,0.0,0.0,0.0,0.0,0.0,0.0,0.35,0.44444445,0.0,0.0,1.0,1.0,1.0,1.0,0.19041577,0.0,0.93939394,0.04819277,0.0,0.0,0.0,0.0,0.0,0.0,0.0,0.39022437,0.053571425,0.8,0.1632653,0.0,0.0,0.0,0.0,0.0,0.0,0.31964093,0.3570133,0.4299573,0.48906314,0.30179894,0.30200016,0.52362525,0.51194847,0.17857847,0.3997078,0.27074173,0.2651004,0.22275522,0.1788714,0.6417802,0.4810862,0.17787792,0.6203295,0.31651828,0.19229588,0.44202,0.33413473,0.50763226,0.47192627,0.5434638,0.41710746,0.31676993,0.4999593,0.36944732,0.32198146,1.0
0.27272728,1.0,0.0,1.0,0.0,0.0,0.0,1.0,0.0,0.0,0.5714286,0.93333334,0.0,1.0,1.0,1.0,0.0,1.0,0.11230244,0.0,0.0,0.0,0.0,0.0,0.0,0.99,0.014285714,0.0,0.0,0.2637778,0.0,0.0,0.0,0.0,0.0,0.0,0.97,0.071428575,0.0,0.63774747,0.26821053,0.21199483,0.31179202,0.2173418,0.2513163,0.272377,0.3091745,0.10860481,0.38616836,0.66244644,0.13311782,0.15086831,0.10853984,0.12911306,0.40362245,0.08401752,0.85901916,0.83722746,0.0,0.2625316,0.7692092,0.261867,0.23840961,0.12666672,0.36409396,0.8333519,0.29349527,0.34600154,0.120295204,0.0
0.54545456,1.0,0.0,1.0,0.0,0.0,0.0,1.0,1.0,1.0,0.51428574,0.6666667,0.0,0.0,1.0,1.0,1.0,1.0,0.13421895,0.18,0.5050505,0.30120483,0.6923078,0.0,0.0,0.0,0.014285714,0.0,0.0,0.29600042,0.4107143,0.67,0.07142857,0.0,0.0,0.0,0.0,0.0,0.0,0.2460479,0.19254483,0.31339914,0.5201504,0.3773804,0.43028098,0.3698078,0.4780579,0.1658376,0.37845215,0.42512658,0.21782245,0.16967875,0.16577736,0.14825805,0.27267137,0.10315076,0.53125095,0.33974403,0.22592488,0.3776957,0.39404392,0.12289465,0.06954095,0.029045898,0.5193798,0.3552645,0.14129528,0.5845376,0.4110598,0.0
0.57575756,1.0,0.33333334,1.0,1.0,0.0,0.0,0.0,0.0,0.0,0.14285715,0.22222222,0.0,1.0,0.0,0.0,0.0,1.0,0.050238818,0.0,1.0,0.012048192,0.0,0.0,0.0,0.0,0.0,0.0,0.0,0.010052883,0.0,1.0,0.0,0.0,0.0,0.0,0.0,0.0,0.0,0.73219395,0.28182322,0.112724796,0.18158765,0.14283195,0.19499725,0.19732489,0.17129487,0.04523546,0.2582352,0.7387065,0.0664572,0.2562556,0.045275573,0.4501332,0.6110114,0.04656876,0.8891104,0.74682236,0.06895219,0.40948096,0.7330211,0.47927064,0.41803193,0.43773356,0.4175195,0.7448619,0.4965583,0.46677977,0.08898567,0.0
0.43939394,1.0,0.0,1.0,0.0,0.0,0.0,0.0,1.0,1.0,0.29285714,0.44444445,0.0,1.0,0.0,0.0,0.0,1.0,0.0,0.0,0.15151516,1.0,0.15384616,0.0,0.0,0.0,0.0,0.0,0.0,0.0,0.0,0.02,1.0,0.0,0.0,0.0,0.0,0.0,0.0,0.5970278,0.47759557,0.0,0.0,0.0,0.0,0.0,0.0,0.0,0.0,0.94143534,0.0,0.74217534,0.0,0.22634801,0.02376157,0.0,0.86989564,0.072413646,0.15559804,0.0,0.009231959,0.024409156,0.010268991,0.37960804,0.0,0.041532546,0.022349248,0.40673143,0.114421226,0.0
0.6666667,0.0,0.0,1.0,0.0,0.0,0.0,0.0,0.0,0.0,0.51428574,0.5555556,0.0,1.0,1.0,1.0,0.0,1.0,0.11253877,0.0,0.0,0.0,0.0,0.0,0.0,0.93,0.1,0.0,0.0,0.09979977,0.0,0.0,0.0,0.0,0.0,0.01098901,0.88,0.23809525,0.0,0.46816105,0.48952287,0.3077457,0.27702233,0.1954926,0.31917754,0.18021616,0.31005517,0.11164562,0.2719753,0.7637491,0.12586504,0.11946642,0.11168641,0.18216063,0.1840452,0.06831311,0.81669945,0.3107407,0.105878524,0.15119646,0.2833204,0.12020203,0.102157064,0.2466294,0.20547068,0.30432042,0.12832385,0.38537118,0.13355924,1.0
0.43939394,1.0,0.0,1.0,0.0,0.0,0.0,0.0,1.0,1.0,0.7285714,0.6111111,0.0,1.0,1.0,0.0,0.0,1.0,0.0899257,0.0,0.979798,0.036144577,0.0,0.0,0.0,0.0,0.0,0.0,0.0,0.04126919,0.0,0.94,0.061224487,0.0,0.0,0.0,0.0,0.0,0.0,0.35578534,0.32639688,0.23312807,0.2958391,0.11797958,0.2770713,0.26532447,0.26157436,0.090826675,0.24200903,0.83884245,0.10277328,0.12671788,0.090759255,0.27104047,0.57157356,0.08095398,0.82068247,0.8859641,0.053264424,0.44133842,0.8447742,0.3670186,0.261165,0.31571805,0.4920389,0.8645214,0.40022692,0.51721185,0.14357856,0.0
0.6666667,1.0,0.0,0.0,1.0,0.0,0.0,0.0,0.0,0.0,0.17142858,0.32222223,0.0,1.0,1.0,0.0,0.0,1.0,0.21687646,0.0,0.0,0.036144577,0.0,0.083333336,0.08163265,0.79,0.114285715,0.0,0.0,0.13153976,0.0,0.0,0.0,0.0,0.0,0.25274724,0.71,0.14285715,0.0,0.56244206,0.4631621,0.5420346,0.5102988,0.58820516,0.39174384,0.37328833,0.7015036,0.24638069,0.5787032,0.621236,0.24422292,0.061265677,0.24636438,0.43607545,0.5544817,0.26050904,0.6360641,0.75121635,0.0636692,0.3709898,0.7341348,0.54543257,0.6088158,0.14785478,0.47275707,0.7711061,0.5569377,0.13419336,0.39571515,0.0
0.5,1.0,0.6666667,1.0,1.0,0.0,0.0,0.0,0.0,0.0,0.07857143,0.3,0.0,0.0,0.0,1.0,0.0,1.0,0.028749358,0.0,0.9090909,0.12048193,0.0,0.0,0.0,0.0,0.0,0.0,0.0,0.080002055,0.0,0.81,0.17346938,0.017857142,0.0,0.0,0.01,0.0,0.0,0.60287684,0.6020084,0.15957062,0.10849667,0.124744736,0.12129082,0.070040345,0.12274028,0.028186569,0.12936477,0.9837874,0.038068287,0.2505484,0.028185897,0.46457228,0.6135195,0.031808726,0.93237,0.81551003,0.02941076,0.37080458,0.7508001,0.5338602,0.5026455,0.4929453,0.35791838,0.7890188,0.5479928,0.33637026,0.050647885,0.0
0.74242425,0.0,0.0,1.0,1.0,0.0,1.0,0.0,0.0,0.0,0.51428574,0.5555556,0.0,1.0,0.0,1.0,0.0,1.0,0.23340298,0.36,0.34343433,0.40963855,0.15384616,0.0,0.0,0.01,0.028571429,0.111111104,0.0,0.25742158,0.35714287,0.63,0.10204081,0.07142857,0.0,0.01098901,0.0,0.0,0.0,0.4325119,0.4419465,0.43763402,0.42761603,0.2588006,0.5751977,0.5676865,0.5643629,0.19705872,0.4093967,0.41895065,0.2467816,0.1476111,0.19703491,0.17432113,0.1731743,0.11835488,0.0,0.29003605,0.32897416,0.7052699,0.2722842,0.10910983,0.08901545,0.20738521,0.80958647,0.28064072,0.11814027,0.4759101,1.0,1.0
0.54545456,1.0,0.0,1.0,0.0,0.0,0.0,0.0,0.0,0.0,0.40714285,0.47777778,0.0,0.0,0.0,1.0,0.0,1.0,0.49803472,0.04,0.15151516,0.20481928,0.0,0.0,0.040816326,0.37,0.29999998,0.111111104,0.0,0.21792884,0.053571425,0.06,0.07142857,0.035714284,0.0,0.01098901,0.53,0.4047619,0.04761905,0.44199702,0.006172139,0.36856094,1.0,0.83008313,0.711244,0.96769446,0.97441626,0.5232654,1.0,0.0,0.7482056,0.19578461,0.5240196,0.2631669,0.09008444,0.2950453,0.21863338,0.062320996,0.39541733,0.33800903,0.06579926,0.07678045,0.048211668,0.18174155,0.42631617,0.058324832,0.076562285,0.5501143,0.80273557,0.0
0.37878788,1.0,0.0,1.0,0.0,0.0,0.0,0.0,0.0,0.0,0.27857143,0.4,1.0,0.0,1.0,1.0,0.0,1.0,0.3323714,0.0,0.0,0.0,0.0,0.0,0.040816326,0.91,0.071428575,0.0,0.0,0.5749448,0.0,0.02,0.0,0.0,0.0,0.35164833,0.47,0.4047619,0.0,0.30332336,0.13646969,0.3603585,0.6728778,0.52237207,0.54346466,0.7141934,0.77479005,0.37308913,0.55151135,0.5871627,0.3338937,0.025731634,0.3728763,0.12992233,0.3200376,0.267824,0.786715,0.5020405,0.12378561,0.26215255,0.524185,0.2258181,0.24351582,0.0,0.40576902,0.50997466,0.24524643,0.24903855,0.16842967,0.0
0.27272728,1.0,0.0,1.0,0.0,0.0,0.0,0.0,0.0,0.0,0.51428574,0.6666667,0.0,1.0,0.0,1.0,1.0,1.0,0.08657147,0.0,0.0,0.0,0.0,0.0,0.0,0.98,0.028571429,0.0,0.0,0.11765672,0.0,0.0,0.0,0.0,0.0,0.0,0.95,0.11904763,0.0,0.7512501,0.27936772,0.16995043,0.25245446,0.20007846,0.23497745,0.2599484,0.25452736,0.08800983,0.3590211,0.75892115,0.10644421,0.15178378,0.08796231,0.3932129,0.51629484,0.0847877,0.9298934,0.6462214,0.065915264,0.33696753,0.62024295,0.45137128,0.4445621,0.460001,0.33276573,0.6349965,0.46260917,0.2996564,0.049366325,0.0
0.16666667,1.0,0.0,1.0,0.0,0.0,0.0,0.0,0.0,0.0,0.57857144,0.82222223,0.0,1.0,1.0,1.0,0.0,1.0,0.15986699,0.0,0.9292929,0.09638554,0.0,0.0,0.0,0.0,0.0,0.0,0.0,0.26267907,0.017857142,0.85,0.14285713,0.0,0.0,0.0,0.0,0.0,0.0,0.64763284,0.38766116,0.31302124,0.34142503,0.26134664,0.36548674,0.32820967,0.34573206,0.17641576,0.4271399,0.768768,0.17363097,0.0642792,0.17629088,0.13404591,0.31586507,0.12625691,0.82966095,0.5860126,0.0681028,0.22665738,0.56474763,0.21930292,0.21474893,0.053026702,0.35028744,0.58688575,0.2401292,0.2752809,0.13371728,0.0
0.8636364,0.0,0.0,1.0,0.0,0.0,0.0,1.0,0.0,0.0,0.67142856,0.5555556,0.0,1.0,1.0,1.0,0.0,1.0,0.12954624,0.0,0.03030303,0.0,0.0,0.0,0.040816326,0.92,0.0,0.0,0.0,0.090876415,0.0,0.0,0.0,0.0,0.0,0.4065934,0.63,0.0,0.0,0.46915537,0.2725468,0.38138106,0.51680857,0.9102222,0.3097527,0.907957,0.92735153,0.13134512,0.5240985,0.62408614,0.15690492,0.13662776,0.13168125,0.48998874,0.575071,0.14372338,0.7075848,0.5975411,0.142532,0.47379246,0.64326465,0.57047623,0.60680336,0.3228854,0.5242794,0.6195193,0.5772529,0.16411355,0.27764964,0.0
0.33333334,1.0,0.6666667,1.0,1.0,0.0,0.0,0.0,1.0,0.0,0.51428574,0.6666667,1.0,0.0,1.0,1.0,1.0,1.0,0.06980447,0.0,0.0,0.0,0.0,0.0,0.0,1.0,0.0,0.0,0.0,0.0029881399,0.0,0.0,0.0,0.0,0.0,0.0,1.0,0.0,0.0,0.52043855,0.31404972,0.17853479,0.24130589,0.14702262,0.23879445,0.22642006,0.23518887,0.070962325,0.25476426,0.8395557,0.08576628,0.15893629,0.07094755,0.38391638,0.50133127,0.061552595,0.87826526,0.65255797,0.08580275,0.34679365,0.6319769,0.35628435,0.2358455,0.4928048,0.3323505,0.6454488,0.37374127,0.57720214,0.11877818,1.0
0.4090909,1.0,0.0,1.0,0.0,0.0,0.0,0.0,0.0,0.0,0.89285713,0.9444444,0.0,1.0,1.0,1.0,1.0,1.0,0.110515445,0.0,0.94949496,0.072289154,0.0,0.0,0.0,0.0,0.0,0.0,0.0,0.18308775,0.017857142,0.81,0.1632653,0.0,0.0,0.0,0.0,0.0,0.0,0.70497173,0.83802164,0.41168633,0.21892995,0.26167753,0.27295086,0.20652604,0.26299122,0.10097498,0.29741415,0.4178098,0.1552485,0.24970454,0.10108964,0.4227874,0.47676447,0.09094218,0.8241169,0.57295156,0.0860236,0.34242815,0.54884166,0.39931595,0.34345192,0.35722926,0.3727324,0.5592882,0.40887287,0.43694475,0.12990396,0.0
0.25757575,1.0,0.0,1.0,0.0,0.0,0.0,0.0,1.0,1.0,0.53571427,0.8,0.0,1.0,1.0,1.0,1.0,1.0,0.21493606,0.0,0.0,0.0,0.0,0.0,0.0,0.86,0.18571427,0.0,0.0,0.14696309,0.0,0.0,0.0,0.0,0.0,0.16483517,0.71,0.2857143,0.04761905,0.8896536,0.93781805,0.5767701,0.28771868,0.31210777,0.32416275,0.30071843,0.3206865,0.24828954,0.46614915,0.6136062,0.2469603,0.062251326,0.24802092,0.2170287,0.29998264,0.17462032,0.71883684,0.48514718,0.092208646,0.28890434,0.47004762,0.21478485,0.19644167,0.14632216,0.3856984,0.4876363,0.22930609,0.38037395,0.22182705,1.0
0.75757575,0.0,0.0,1.0,0.0,1.0,0.0,0.0,0.0,0.0,0.71428573,0.5,1.0,1.0,1.0,1.0,1.0,1.0,0.19779177,0.0,0.91919196,0.10843374,0.0,0.0,0.0,0.0,0.0,0.0,0.0,0.19000873,0.4107143,0.68,0.07142857,0.0,0.0,0.0,0.0,0.0,0.0,0.73904353,0.38539758,0.31524596,0.3452488,0.26791394,0.3309526,0.37398145,0.35766208,0.19173037,0.4768255,0.50155365,0.22560084,0.12396576,0.19166577,0.4219549,0.5324122,0.18055412,0.78309584,0.72581786,0.045753226,0.3858336,0.6870587,0.4396191,0.3804125,0.27656975,0.44583234,0.71724296,0.45475453,0.40441072,0.17556204,1.0
